{"FILE-NO":"6397","TRANSACTIONS":[{"ISN":"6575143","Seq-no":"1","Verify-date":"43354","Verify-time":"152808","Verify-user-id":"XXX","Action-short-desc":"INPUT","Stage-code":"E","Status-code":"V","Entry-date":"43354","Entry-time":"152652","Entry-user-id":"KP6","Ex-date":"0","No-of-clients":"4","Client-notify-ind":"Y","Conf-letter-name":"","Conf-ipdt-key":[""],"Conf-letter-transmit":"","Conf-letter-tested":"","Holding-date-inv":"0","Notify-ind":"","Establish-holdings-ind":"Y","No-changed-holdings":"0","Text-desc":"","Text-name":"","Text-addr1":"","Text-addr2":"","Text-addr3":"","Text-addr4":"","Text-addr5":"","Text-telex-addr":"","Text-nom-sub-acc":"","Text-secs-acc-no":"","Text-asset":"","Pay-rec-no":"","Client-option":"","All-clients-ind":"","Asset-id":"","Trade-type":"0","Values-of-units":"0.0000000","Completion-date":"0","Notify-repair-ind":"","Message-xref":"","Message-no":"0","Process-error":[""],"Archive-date":"0","Archive-time":"0","Retrieval-date":"0","Retrieval-time":"0","Update-ind":"","Partial-retrieval-ind":"","Total-retrievals":"","Orig-file-no":"0","Related-credit-seq-no":"0","Related-non-loan-seq-no":"0","Repair-history":[{"Repair-msg-no":"","Repair-msg-xref":""}],"AMENDMENTS":{"ISN":"3237991","lastest-holding-date":"2","File-no":"6396","Seq-no":"6","Seq-no-inv":"9994","Stage-status-codes":["V","V"," ","V"," ","D"," "," ","V"," "," ","V"," "," "," "," "," "," ","V"," ","V"],"Action-type":"RM","Country-code":"179","Issuer-name":"USAA CAPITAL CORP","Last-seq-no":"10","Action-desc":"REDEMPTION\/MATURITY","Info-source":"AG","Info-source-desc":"AGENT","Agent-conf-ind":"W","Agent-next-trace-date":"0","Agent-conf-date":"2018-09-11","Instruct-line-1":"","Instruct-line-2":"","Input-date":"2018-09-11","Entry-user-id":"XXX","Entry-date":"2018-09-11","Entry-time":"152450","Verify-user-id":"ACOACS","Verify-date":"2018-09-11","Verify-time":"62449","Offerer-new-issuer":"","Asset-offer-no":"1","Asset-offer-group":[{"Terms-complete":"","Asset-id-old":"BD96VZ1","Asset-issue-price":"0.0000000","Asset-issue-curr-code":"179","Asset-issue-swift-curr":"USD","Asset-cash-new":"0.0000000","Asset-cash-old":"0.0000000","Asset-terms-new-1":"0.0000000","Asset-terms-old-1":"0.0000000","Asset-id-new-1":"","Asset-desc-new-1":"","Asset-pro-rata-rate-1":"0.0000000","Asset-terms-new-2":"0.0000000","Asset-terms-old-2":"0.0000000","Asset-id-new-2":"","Asset-desc-new-2":"","Asset-pro-rata-rate-2":"0.0000000","Asset-terms-new-3":"0.0000000","Asset-terms-old-3":"0.0000000","Asset-id-new-3":"","Asset-desc-new-3":"","Asset-pro-rata-rate-3":"0.0000000","Asset-rights-id":"","Asset-rights-desc":"","Gross-div":"0.0000000","Net-div":"0.0000000","Stock-pcent":"100.0000000","Stock-pcent-alpha":"100","Reinv-price":"0.0000000","Gross-net-ind":"","No-of-shares":"","Trades-ar-ind":"","Duplicate-asset-id":"","Notify-letter-mail":"","Notify-letter-telex":"XXXXXXXXXX","Notify-key-mail":"","Notify-key-telex":"","Div-ranking-date":"0"}],"Fraction-ind":"","Entitle-calc-ind":"","Ex-date":"0","Cust-instr-by-date":"2018-09-12","Os-cust-instructions":"0","Agent-advise-by-date":"2018-09-12","Payment-date":"2018-09-12","Comment":"","AGENT":[{"ISN":"2062161","Agent-Code":"001","Agent-confirm-ind":"W","Opt-number":["001"],"Swift-opt-code":["CASH"],"Jpm-opt-code":["RD"],"Opt-currency":["USD"],"Opt-curr-grss":["0.00000"],"Opt-curr-nett":["0.00000"],"Opt-curr-fx-rate":["0.00000"],"Opt-status":[""],"Opt-default-flag":["Y"],"Agent-corp-ref":"","Agent-caev":"","Agent-564-seme":"","Agt-opt-number":["001"],"Agt-swift-opt-code":["CASH"],"Opt-feature":[""],"Opt-mkdt-date":["0"],"Opt-mkdt-time":["0"],"Agt-jpm-opt-code":[""],"Agt-opt-currency":[""]}],"DIARY":[{"ISN":"8032719","File-no":"6396","Diary-id":"KINPUTDT","Diary-nome":"000","Diary-date":"2018-09-12","Diary-time":"0","Tpc-rollup-ind":"","L-c-user-id":"","L-c-date":"0","L-c-time":"0"},{"ISN":"8032720","File-no":"6396","Diary-id":"KENTRYDT","Diary-nome":"000","Diary-date":"2018-09-12","Diary-time":"0","Tpc-rollup-ind":"","L-c-user-id":"","L-c-date":"0","L-c-time":"0"},{"ISN":"8032721","File-no":"6396","Diary-id":"KCUSTDT","Diary-nome":"000","Diary-date":"2018-09-11","Diary-time":"1100","Tpc-rollup-ind":"","L-c-user-id":"","L-c-date":"0","L-c-time":"0"},{"ISN":"8032722","File-no":"6396","Diary-id":"KAGENTDT","Diary-nome":"000","Diary-date":"2018-09-11","Diary-time":"1500","Tpc-rollup-ind":"","L-c-user-id":"","L-c-date":"0","L-c-time":"0"},{"ISN":"8032723","File-no":"6396","Diary-id":"KPREPAYDT","Diary-nome":"000","Diary-date":"2018-09-13","Diary-time":"0","Tpc-rollup-ind":"","L-c-user-id":"","L-c-date":"0","L-c-time":"0"}],"NOMINEE":[{"ISN":"2964751","Nom-code":"001","Instr-letter-name":"","Instr-ipdt-key":"","Instr-transmit-method":"","Instr-tested-telex":""},{"ISN":"2964756","Nom-code":"1ND","Instr-letter-name":"","Instr-ipdt-key":"","Instr-transmit-method":"","Instr-tested-telex":""}]},"PAY-REC":[{"ISN":"72276213","Source-system":"KA","Rec-type":"A","Cust-secs-acc-no":"00000","Currency":"","Value-date":"43355","Rep-acc-no":"0","Rep-acc-no-ind":"","Dr-amt":"0.00","Cr-amt":"0.00","Gti-ref":"","Client-acc-no":"0","Print-ind":"","Trade-pay":"","Position-no":"0","Open-closed":"","L-c-user":"","L-c-date":"0","L-c-time":"0","Rep-date":"0","Atbas-post-ind":"","Atbas-post-date":"43356","Rev-can-ind":"","Adhoc-ind":"","Date-created":"43356","Debit-tran-type":"90400","Debit-swift-curr":"USD","Debit-curr-code":"179","Debit-acc-no":"1111111111","Debit-custno":"111111","Debit-amount":"70000.00","Credit-tran-type":"52200","Credit-swift-curr":"USD","Credit-curr-code":"179","Credit-acc-no":"2222222222","Credit-custno":"0","Credit-amount":"70000.00","Sterling-equiv":"0.00","Dollar-equiv":"70000.00","Input-ref":"6396","Org-no":"0000","Gl-comment":"","Gl-vat-type":"","Ref-no":"6396","Cust-ref":"","Orig-cust-no":"","Comment-line-1":"","Comment-line-2":"","Comment-line-3":"","Comment-line-4":""},{"ISN":"72276214","Source-system":"KA","Rec-type":"C","Cust-secs-acc-no":"777777","Currency":"","Value-date":"43355","Rep-acc-no":"0","Rep-acc-no-ind":"","Dr-amt":"0.00","Cr-amt":"0.00","Gti-ref":"","Client-acc-no":"0","Print-ind":"","Trade-pay":"","Position-no":"0","Open-closed":"","L-c-user":"","L-c-date":"0","L-c-time":"0","Rep-date":"0","Atbas-post-ind":"","Atbas-post-date":"43356","Rev-can-ind":"","Adhoc-ind":"","Date-created":"43356","Debit-tran-type":"51101","Debit-swift-curr":"USD","Debit-curr-code":"179","Debit-acc-no":"111111111","Debit-custno":"22222222","Debit-amount":"70000.00","Credit-tran-type":"84500","Credit-swift-curr":"USD","Credit-curr-code":"179","Credit-acc-no":"11111111111","Credit-custno":"2222222","Credit-amount":"70000.00","Sterling-equiv":"48992.16","Dollar-equiv":"70000.00","Input-ref":"6396","Org-no":"060","Gl-comment":"","Gl-vat-type":"","Ref-no":"6396","Cust-ref":"000000000000000000","Orig-cust-no":"1111111111","Comment-line-1":"","Comment-line-2":"","Comment-line-3":"","Comment-line-4":""}],"AGENT-INSTRUCT":[{"ISN":"17050972","Asset-id-old":"0000000","Nom-sub-acc-comb":"070000","Cust-secs-acc-no":"","Hldg-sort-gti-comb":"","Hldg-sort-comb":"","Ai-holding":"0.0000","Option-holding":"348408.0000","Option-holding-full":"0.0000","Option-holding-net":"0.0000000","Asset-rights-id":"","Opt-type":"","Cash-curr-code":"0","Cash-swift-curr":"","Cash-entitlement":"0.0000","Asset-entitle-1":"0.0000000","Asset-entitle-2":"0.0000000","Asset-entitle-3":"0.0000000","Cost-curr-code":"0","Cost-swift-curr":"AUD","Cost":"445962.2400","Stip-curr-code":"","Stip-amount":"0.000","Agent-instruct-ind":"A","Cust-update-ind":"","Nom-sub-update-ind":"S","Allocate-ind":"","Partial-ind":"","Fraction-ind":"","Last-changed-date":"42563","Last-changed-time":"111407","Last-changed-user":"XXX","Last-changed-program":"KA1465","Instruct-date":"0","Comment-group":[{"Comment":"APPENDIX A WILL BE SENT VIA EMAIL SEPARATELY","Comment-position":"B"},{"Comment":"","Comment-position":"B"},{"Comment":"","Comment-position":"B"},{"Comment":"","Comment-position":""},{"Comment":"","Comment-position":""},{"Comment":"","Comment-position":""},{"Comment":"","Comment-position":""},{"Comment":"","Comment-position":""},{"Comment":"","Comment-position":""},{"Comment":"","Comment-position":""},{"Comment":"","Comment-position":""},{"Comment":"","Comment-position":""},{"Comment":"","Comment-position":""},{"Comment":"","Comment-position":""},{"Comment":"","Comment-position":""},{"Comment":"","Comment-position":""},{"Comment":"","Comment-position":""},{"Comment":"","Comment-position":""},{"Comment":"","Comment-position":""},{"Comment":"","Comment-position":""},{"Comment":"","Comment-position":""},{"Comment":"","Comment-position":""},{"Comment":"","Comment-position":""},{"Comment":"","Comment-position":""},{"Comment":"","Comment-position":""},{"Comment":"","Comment-position":""},{"Comment":"","Comment-position":""},{"Comment":"","Comment-position":""},{"Comment":"","Comment-position":""},{"Comment":"","Comment-position":""},{"Comment":"","Comment-position":""},{"Comment":"","Comment-position":""},{"Comment":"","Comment-position":""},{"Comment":"","Comment-position":""},{"Comment":"","Comment-position":""},{"Comment":"","Comment-position":""},{"Comment":"","Comment-position":""},{"Comment":"","Comment-position":""},{"Comment":"","Comment-position":""},{"Comment":"","Comment-position":""},{"Comment":"","Comment-position":""},{"Comment":"","Comment-position":""},{"Comment":"","Comment-position":""},{"Comment":"","Comment-position":""},{"Comment":"","Comment-position":""},{"Comment":"","Comment-position":""},{"Comment":"","Comment-position":""},{"Comment":"","Comment-position":""},{"Comment":"XXXXXXXX","Comment-position":""},{"Comment":"CORPORATE ACTION","Comment-position":""},{"Comment":"XXXX XXXXX 000000000000","Comment-position":""},{"Comment":"","Comment-position":"N"},{"Comment":"","Comment-position":""},{"Comment":"","Comment-position":""},{"Comment":"","Comment-position":"N"}],"Pv-voting-card":"","Pv-voting-pattern":"","Pv-resolution":"0","Pv-votes":"0","Pv-vote-card":"","Ai-holding-balance":"0.0000","Option-holding-balance":"0.0000000","Opt-type-select":"TU","Opt-type-fraction":"SL","Previous-instruct-ind":"","Previous-instruct-date":"0","Ben-owner-name":"","Regd-address-1":"","Regd-address-2":"","Regd-address-3":"","Regd-address-4":"","Regd-addr-city":"","Regd-addr-state":"","Regd-addr-zip":"","Regd-addr-ctry":"","Cont-name":"","Cont-email":"","Cont-phone":"","Tax-id":"","Tax-id-cty":"","Comp-id":"","Comp-id-cty":"","Cty-incorp":"","Other-description":"","Other-value":"","Us-non-us":""}],"BROKER-INSTRUCT":[{"ISN":"13359","Asset-id-old":"B1CRLC4","Rec-type-code":"1","Rec-status":"V","Brk-code":"XXXX","Opt-type":"","Opt-stip-curr-code":"","User-select-ind":"","Asset-rights-id":"","Nom-sub-acc-comb":"","Cust-secs-acc-no":"","Brk-total-instrbl-amt":"251000.0000","Brk-prev-instrd-amt":"0.0000","Brk-instr-amt":"8010.0000","Brk-total-hldg-amt":"251000.0000","Brk-telex-ind":"V","Brk-instr-tran-method":"T","Brk-instr-ipdt-key":"000000000000","Brk-select-only-instr":"CX","Brk-instr-ind":"A","Brk-instr-let-name":"XXXXXXXXXXXXXXX","Brk-instr-tested-tlx":"N","Brk-all-comment-group":[{"Brk-all-comment":"","Brk-all-comment-pos":""},{"Brk-all-comment":"","Brk-all-comment-pos":""},{"Brk-all-comment":"","Brk-all-comment-pos":""},{"Brk-all-comment":"","Brk-all-comment-pos":""},{"Brk-all-comment":"","Brk-all-comment-pos":""},{"Brk-all-comment":"","Brk-all-comment-pos":""},{"Brk-all-comment":"","Brk-all-comment-pos":""},{"Brk-all-comment":"","Brk-all-comment-pos":""},{"Brk-all-comment":"","Brk-all-comment-pos":""},{"Brk-all-comment":"","Brk-all-comment-pos":""},{"Brk-all-comment":"","Brk-all-comment-pos":""},{"Brk-all-comment":"","Brk-all-comment-pos":""},{"Brk-all-comment":"","Brk-all-comment-pos":""},{"Brk-all-comment":"","Brk-all-comment-pos":""},{"Brk-all-comment":"","Brk-all-comment-pos":""},{"Brk-all-comment":"","Brk-all-comment-pos":""},{"Brk-all-comment":"","Brk-all-comment-pos":""},{"Brk-all-comment":"","Brk-all-comment-pos":""},{"Brk-all-comment":"","Brk-all-comment-pos":""},{"Brk-all-comment":"","Brk-all-comment-pos":""},{"Brk-all-comment":"","Brk-all-comment-pos":""},{"Brk-all-comment":"","Brk-all-comment-pos":""},{"Brk-all-comment":"","Brk-all-comment-pos":""},{"Brk-all-comment":"","Brk-all-comment-pos":""},{"Brk-all-comment":"","Brk-all-comment-pos":""},{"Brk-all-comment":"","Brk-all-comment-pos":""},{"Brk-all-comment":"","Brk-all-comment-pos":""},{"Brk-all-comment":"","Brk-all-comment-pos":""}],"Brk-comment-group":[{"Brk-comment":"","Brk-comment-pos":""},{"Brk-comment":"","Brk-comment-pos":""},{"Brk-comment":"","Brk-comment-pos":""},{"Brk-comment":"","Brk-comment-pos":""},{"Brk-comment":"","Brk-comment-pos":""},{"Brk-comment":"","Brk-comment-pos":""},{"Brk-comment":"","Brk-comment-pos":""},{"Brk-comment":"","Brk-comment-pos":""},{"Brk-comment":"","Brk-comment-pos":""},{"Brk-comment":"","Brk-comment-pos":""},{"Brk-comment":"","Brk-comment-pos":""},{"Brk-comment":"","Brk-comment-pos":""},{"Brk-comment":"","Brk-comment-pos":""},{"Brk-comment":"","Brk-comment-pos":""},{"Brk-comment":"","Brk-comment-pos":""},{"Brk-comment":"","Brk-comment-pos":""},{"Brk-comment":"","Brk-comment-pos":""},{"Brk-comment":"","Brk-comment-pos":""},{"Brk-comment":"","Brk-comment-pos":""},{"Brk-comment":"","Brk-comment-pos":""},{"Brk-comment":"","Brk-comment-pos":""},{"Brk-comment":"","Brk-comment-pos":""},{"Brk-comment":"","Brk-comment-pos":""},{"Brk-comment":"","Brk-comment-pos":""},{"Brk-comment":"","Brk-comment-pos":""},{"Brk-comment":"","Brk-comment-pos":""},{"Brk-comment":"","Brk-comment-pos":""},{"Brk-comment":"","Brk-comment-pos":""}],"Opt-holding":"0.0000","Opt-holding-net":"0.0000","Opt-cash-curr-code":"0","Opt-cash-swift-curr":"","Opt-cash-ent":"0.0000","Opt-asset-ent-1":"0.0000000","Opt-asset-ent-2":"0.0000000","Opt-asset-ent-3":"0.0000000","Opt-fraction-oddlot":"0.000","Opt-cost-curr-code":"0","Opt-cost-swift-curr":"","Opt-cost":"0.0000","Opt-stip-amt":"0.000","Opt-type-occ":"0","Fraction-instr":"CD","Prev-brk-instr":"0","Client-over-instr":"","Client-reconciled":"","Manual-update-ind":"","Last-change-input-user":"XXX","Last-change-verify-user":"XXX","Last-change-program":"KA1499","Last-change-date":"42479","Last-change-time":"141118"},{"ISN":"13358","Asset-id-old":"B1CRLC4","Rec-type-code":"2","Rec-status":"V","Brk-code":"3796","Opt-type":"CX","Opt-stip-curr-code":"","User-select-ind":"","Asset-rights-id":"","Nom-sub-acc-comb":"","Cust-secs-acc-no":"","Brk-total-instrbl-amt":"0.0000","Brk-prev-instrd-amt":"0.0000","Brk-instr-amt":"0.0000","Brk-total-hldg-amt":"0.0000","Brk-telex-ind":"","Brk-instr-tran-method":"","Brk-instr-ipdt-key":"","Brk-select-only-instr":"","Brk-instr-ind":"","Brk-instr-let-name":"","Brk-instr-tested-tlx":"","Brk-all-comment-group":[{"Brk-all-comment":"","Brk-all-comment-pos":""}],"Brk-comment-group":[{"Brk-comment":"","Brk-comment-pos":""}],"Opt-holding":"8010.0000","Opt-holding-net":"8010.0000","Opt-cash-curr-code":"0","Opt-cash-swift-curr":"","Opt-cash-ent":"0.0000","Opt-asset-ent-1":"0.0000000","Opt-asset-ent-2":"0.0000000","Opt-asset-ent-3":"0.0000000","Opt-fraction-oddlot":"0.000","Opt-cost-curr-code":"0","Opt-cost-swift-curr":"","Opt-cost":"0.0000","Opt-stip-amt":"0.000","Opt-type-occ":"0","Fraction-instr":"CD","Prev-brk-instr":"0","Client-over-instr":"","Client-reconciled":"","Manual-update-ind":"","Last-change-input-user":"XXX","Last-change-verify-user":"XXX","Last-change-program":"KA1486N2","Last-change-date":"42479","Last-change-time":"135214"}],"LETTERS":[{"Letter-no":"1","Letter-type":"","Lttr-line-grp":[{"Lttr-lcc":" 1","Lttr-line-data":"ADM N     000000000000000 999999"},{"Lttr-lcc":"00","Lttr-line-data":"          000000000000000"},{"Lttr-lcc":"00","Lttr-line-data":"0000655977CUSTOMER NAME"},{"Lttr-lcc":"00","Lttr-line-data":"0000655977ADDRESS LINE 1"},{"Lttr-lcc":"00","Lttr-line-data":"0000655977ADDRESS LINE 2"},{"Lttr-lcc":"00","Lttr-line-data":"0000655977ADDRESS LINE 3"},{"Lttr-lcc":"00","Lttr-line-data":"0000655977ADDRESS LINE 4"},{"Lttr-lcc":"00","Lttr-line-data":""},{"Lttr-lcc":"00","Lttr-line-data":".XXXXXXXX"},{"Lttr-lcc":"00","Lttr-line-data":"XXXXXXX XXXX XXX (TLX XXXXXXX)"},{"Lttr-lcc":"00","Lttr-line-data":"XXXXXXXX XXX XXXXXXXXXXXXXXX"},{"Lttr-lcc":"00","Lttr-line-data":"XX XXXXXXX"},{"Lttr-lcc":"00","Lttr-line-data":".XXXXXX XXXXXX XXX XXXXXXX DDMMMYY:HHMMG MT XXX"},{"Lttr-lcc":"00","Lttr-line-data":"\/"},{"Lttr-lcc":"00","Lttr-line-data":"XXXXXXX XXXXXX XXX (TLX XXXXXXX)"},{"Lttr-lcc":"00","Lttr-line-data":""},{"Lttr-lcc":"00","Lttr-line-data":"DATE 12 SEP 2018"},{"Lttr-lcc":"00","Lttr-line-data":"TO :- XXXXXXXXXXXXCUSTOMER NAME"},{"Lttr-lcc":"00","Lttr-line-data":"XXXXXXXXXXXXADDRESS LINE 1"},{"Lttr-lcc":"00","Lttr-line-data":"XXXXXXXXXXXXADDRESS LINE 2"},{"Lttr-lcc":"00","Lttr-line-data":"XXXXXXXXXXXXADDRESS LINE 3"},{"Lttr-lcc":"00","Lttr-line-data":"XXXXXXXXXXXXADDRESS LINE 4"},{"Lttr-lcc":"00","Lttr-line-data":"XXXXXXXXXXXXADDRESS LINE 5"},{"Lttr-lcc":"00","Lttr-line-data":""},{"Lttr-lcc":"00","Lttr-line-data":"GTI REFERENCE      : 73185"},{"Lttr-lcc":"00","Lttr-line-data":"OUR REFERENCE      : 006396 \/ 0004"},{"Lttr-lcc":"00","Lttr-line-data":"ASSET NAME         : USAA CAPITAL CORP"},{"Lttr-lcc":"00","Lttr-line-data":"ASSET DESCRIPTION  : CALLABLE BD FIXED 2PCT 01\/JUN\/2021 USD 100"},{"Lttr-lcc":"00","Lttr-line-data":"SEDOL\/ASSET ID     : BD96VZ1"},{"Lttr-lcc":"00","Lttr-line-data":"ISIN CODE          : US90327QCY35"},{"Lttr-lcc":"00","Lttr-line-data":"ACCOUNT NAME       : XXXXXXXXXXXXXXXXXXXXXXXXXX"},{"Lttr-lcc":"00","Lttr-line-data":"LOCAL CODE         : XXXXXXXXXXXXXX"},{"Lttr-lcc":"00","Lttr-line-data":""},{"Lttr-lcc":"00","Lttr-line-data":"ISSUE TYPE         : REDEMPTION\/MATURITY"},{"Lttr-lcc":"00","Lttr-line-data":"LINKED EVENT 1     : KBIDFILE1"},{"Lttr-lcc":"00","Lttr-line-data":"LINKED EVENT 2     : KBIDFILE2"},{"Lttr-lcc":"00","Lttr-line-data":"LINKED EVENT 3     : KBIDFILE3"},{"Lttr-lcc":"00","Lttr-line-data":"COMMUNICATION      : FIRST NOTIFICATION"},{"Lttr-lcc":"00","Lttr-line-data":"EVENT STATUS       : COMP"},{"Lttr-lcc":"00","Lttr-line-data":"CLIENT LEVEL AI    : XXXXXXXXXXX"},{"Lttr-lcc":"00","Lttr-line-data":""},{"Lttr-lcc":"00","Lttr-line-data":"YOUR HOLDING       : 70,000"},{"Lttr-lcc":"00","Lttr-line-data":"LOCATION           : <   1ND\/000    > \/ <   1ND\/001>"},{"Lttr-lcc":"00","Lttr-line-data":"AMOUNT DUE         : 70,000 USD (SUBJECT TO RECEIPT)"},{"Lttr-lcc":"00","Lttr-line-data":""},{"Lttr-lcc":"00","Lttr-line-data":"RATE               : 100 PERCENT"},{"Lttr-lcc":"00","Lttr-line-data":"PAYDATE            : 13 SEP 2018"},{"Lttr-lcc":"00","Lttr-line-data":""},{"Lttr-lcc":"00","Lttr-line-data":"OPTION NUMBER      : 001"},{"Lttr-lcc":"00","Lttr-line-data":"OPTION TYPE\/CURR   : CASH \/ USD"},{"Lttr-lcc":"00","Lttr-line-data":"OPTION CURR GR     : KGDOPTRTGR"},{"Lttr-lcc":"00","Lttr-line-data":"OPTION CURR NT     : KGDOPTRTNT"},{"Lttr-lcc":"00","Lttr-line-data":"OPTION CURR FX     : KGDOPTFXRT"},{"Lttr-lcc":"00","Lttr-line-data":"OPTION DEFAULT     : Y"},{"Lttr-lcc":"00","Lttr-line-data":""},{"Lttr-lcc":"00","Lttr-line-data":"CASH MOVEMENTS     : PROCEEDS WILL BE CREDITED TO YOUR LOCAL"},{"Lttr-lcc":"00","Lttr-line-data":"                     CURRENCY ACCOUNT UNLESS STANDING INSTRUCTIONS"},{"Lttr-lcc":"00","Lttr-line-data":"                     EXIST"},{"Lttr-lcc":"00","Lttr-line-data":""},{"Lttr-lcc":"00","Lttr-line-data":"FOR ENQUIRIES PLEASE CONTACT YOUR J.P.MORGAN"},{"Lttr-lcc":"00","Lttr-line-data":"ASSET SERVICING ENQUIRY TEAM"},{"Lttr-lcc":"00","Lttr-line-data":"REGARDS GLOBAL ANNOUNCEMENT CAPTURE CORPORATE AND INVESTMENT BANK"},{"Lttr-lcc":"00","Lttr-line-data":""}]}],"BROKER-ALLOCATIONS":[{"ISN":"4396","Rec-type-code":"1","Asset-id-old":"2046529","Cust-secs-acc-no":"00000","Nom-sub-acc-comb":"000000","Opt-type":"01","Ci-no":"1","Broker":"","Alloc-holding":"3500.0000000","Alloc-ind":"Y","Paid-status":"R","Pay-rec-no":"","Pay-seq-no":"0","L-c-change-user":["XXXXXXX","XXXXXXX","XXXXXXX","XXXXXXX"],"L-c-change-date":["20180824","20180824","20180824","20180824"],"L-c-change-time":["82054","81913","81401","80915"]},{"ISN":"4398","Rec-type-code":"","Asset-id-old":"2046529","Cust-secs-acc-no":"00000","Nom-sub-acc-comb":"000000","Opt-type":"01","Ci-no":"1","Broker":"XXX","Alloc-holding":"800.0000000","Alloc-ind":"Y","Paid-status":"R","Pay-rec-no":"0425520008","Pay-seq-no":"2","L-c-change-user":["XXXXXXX","XXXXXXX","XXXXXXX","XXXXXXX","XXXXXXX"],"L-c-change-date":["20180824","20180824","20180824","20180824","20180824"],"L-c-change-time":["82054","81925","81913","81906","81401"]}]},{"ISN":"6575145","Seq-no":"3","Verify-date":"43354","Verify-time":"152815","Verify-user-id":"ACOACS","Action-short-desc":"DEFAULT INSTR.","Stage-code":"B","Status-code":"V","Entry-date":"43354","Entry-time":"152815","Entry-user-id":"ACOACS","Ex-date":"0","No-of-clients":"0","Client-notify-ind":"","Conf-letter-name":"","Conf-ipdt-key":[""],"Conf-letter-transmit":"","Conf-letter-tested":"","Holding-date-inv":"0","Notify-ind":"N","Establish-holdings-ind":"Y","No-changed-holdings":"0","Text-desc":"","Text-name":"","Text-addr1":"","Text-addr2":"","Text-addr3":"","Text-addr4":"","Text-addr5":"","Text-telex-addr":"","Text-nom-sub-acc":"","Text-secs-acc-no":"","Text-asset":"","Pay-rec-no":"","Client-option":"","All-clients-ind":"","Asset-id":"","Trade-type":"0","Values-of-units":"0.0000000","Completion-date":"0","Notify-repair-ind":"","Message-xref":"","Message-no":"0","Process-error":["XXXXX   I0003 MASTER CONTROL SETTING = 'V'"],"Archive-date":"0","Archive-time":"0","Retrieval-date":"0","Retrieval-time":"0","Update-ind":"","Partial-retrieval-ind":"","Total-retrievals":"","Orig-file-no":"0","Related-credit-seq-no":"0","Related-non-loan-seq-no":"0","Repair-history":[{"Repair-msg-no":"","Repair-msg-xref":""}],"PAY-REC":[{"ISN":"72276213","Source-system":"KA","Rec-type":"A","Cust-secs-acc-no":"00000","Currency":"","Value-date":"43355","Rep-acc-no":"0","Rep-acc-no-ind":"","Dr-amt":"0.00","Cr-amt":"0.00","Gti-ref":"","Client-acc-no":"0","Print-ind":"","Trade-pay":"","Position-no":"0","Open-closed":"","L-c-user":"","L-c-date":"0","L-c-time":"0","Rep-date":"0","Atbas-post-ind":"","Atbas-post-date":"43356","Rev-can-ind":"","Adhoc-ind":"","Date-created":"43356","Debit-tran-type":"90400","Debit-swift-curr":"USD","Debit-curr-code":"179","Debit-acc-no":"000000000","Debit-custno":"000000","Debit-amount":"70000.00","Credit-tran-type":"52200","Credit-swift-curr":"USD","Credit-curr-code":"179","Credit-acc-no":"000000000000000000","Credit-custno":"0","Credit-amount":"70000.00","Sterling-equiv":"0.00","Dollar-equiv":"70000.00","Input-ref":"6396","Org-no":"060","Gl-comment":"","Gl-vat-type":"","Ref-no":"6396","Cust-ref":"","Orig-cust-no":"","Comment-line-1":"","Comment-line-2":"","Comment-line-3":"","Comment-line-4":""},{"ISN":"72276214","Source-system":"KA","Rec-type":"C","Cust-secs-acc-no":"000000","Currency":"","Value-date":"43355","Rep-acc-no":"0","Rep-acc-no-ind":"","Dr-amt":"0.00","Cr-amt":"0.00","Gti-ref":"","Client-acc-no":"0","Print-ind":"","Trade-pay":"","Position-no":"0","Open-closed":"","L-c-user":"","L-c-date":"0","L-c-time":"0","Rep-date":"0","Atbas-post-ind":"","Atbas-post-date":"43356","Rev-can-ind":"","Adhoc-ind":"","Date-created":"43356","Debit-tran-type":"51101","Debit-swift-curr":"USD","Debit-curr-code":"179","Debit-acc-no":"0000000000000","Debit-custno":"0000000000","Debit-amount":"70000.00","Credit-tran-type":"84500","Credit-swift-curr":"USD","Credit-curr-code":"179","Credit-acc-no":"00000000000000000","Credit-custno":"0000000","Credit-amount":"70000.00","Sterling-equiv":"48992.16","Dollar-equiv":"70000.00","Input-ref":"6396","Org-no":"060","Gl-comment":"","Gl-vat-type":"","Ref-no":"6396","Cust-ref":"000000000000000000000000","Orig-cust-no":"00000000","Comment-line-1":"","Comment-line-2":"","Comment-line-3":"","Comment-line-4":""}],"AGENT-INSTRUCT":[{"ISN":"17050972","Asset-id-old":"0000000","Nom-sub-acc-comb":"070000","Cust-secs-acc-no":"","Hldg-sort-gti-comb":"","Hldg-sort-comb":"","Ai-holding":"0.0000","Option-holding":"348408.0000","Option-holding-full":"0.0000","Option-holding-net":"0.0000000","Asset-rights-id":"","Opt-type":"","Cash-curr-code":"0","Cash-swift-curr":"","Cash-entitlement":"0.0000","Asset-entitle-1":"0.0000000","Asset-entitle-2":"0.0000000","Asset-entitle-3":"0.0000000","Cost-curr-code":"0","Cost-swift-curr":"AUD","Cost":"445962.2400","Stip-curr-code":"","Stip-amount":"0.000","Agent-instruct-ind":"A","Cust-update-ind":"","Nom-sub-update-ind":"S","Allocate-ind":"","Partial-ind":"","Fraction-ind":"","Last-changed-date":"42563","Last-changed-time":"111407","Last-changed-user":"XXX","Last-changed-program":"KA1465","Instruct-date":"0","Comment-group":[{"Comment":"APPENDIX A WILL BE SENT VIA EMAIL SEPARATELY","Comment-position":"B"},{"Comment":"","Comment-position":"B"},{"Comment":"","Comment-position":"B"},{"Comment":"","Comment-position":""},{"Comment":"","Comment-position":""},{"Comment":"","Comment-position":""},{"Comment":"","Comment-position":""},{"Comment":"","Comment-position":""},{"Comment":"","Comment-position":""},{"Comment":"","Comment-position":""},{"Comment":"","Comment-position":""},{"Comment":"","Comment-position":""},{"Comment":"","Comment-position":""},{"Comment":"","Comment-position":""},{"Comment":"","Comment-position":""},{"Comment":"","Comment-position":""},{"Comment":"","Comment-position":""},{"Comment":"","Comment-position":""},{"Comment":"","Comment-position":""},{"Comment":"","Comment-position":""},{"Comment":"","Comment-position":""},{"Comment":"","Comment-position":""},{"Comment":"","Comment-position":""},{"Comment":"","Comment-position":""},{"Comment":"","Comment-position":""},{"Comment":"","Comment-position":""},{"Comment":"","Comment-position":""},{"Comment":"","Comment-position":""},{"Comment":"","Comment-position":""},{"Comment":"","Comment-position":""},{"Comment":"","Comment-position":""},{"Comment":"","Comment-position":""},{"Comment":"","Comment-position":""},{"Comment":"","Comment-position":""},{"Comment":"","Comment-position":""},{"Comment":"","Comment-position":""},{"Comment":"","Comment-position":""},{"Comment":"","Comment-position":""},{"Comment":"","Comment-position":""},{"Comment":"","Comment-position":""},{"Comment":"","Comment-position":""},{"Comment":"","Comment-position":""},{"Comment":"","Comment-position":""},{"Comment":"","Comment-position":""},{"Comment":"","Comment-position":""},{"Comment":"","Comment-position":""},{"Comment":"","Comment-position":""},{"Comment":"","Comment-position":""},{"Comment":"XXXXXXXX","Comment-position":""},{"Comment":"CORPORATE ACTION","Comment-position":""},{"Comment":"XXXXXX XXXX 0000000000000000","Comment-position":""},{"Comment":"","Comment-position":"N"},{"Comment":"","Comment-position":""},{"Comment":"","Comment-position":""},{"Comment":"","Comment-position":"N"}],"Pv-voting-card":"","Pv-voting-pattern":"","Pv-resolution":"0","Pv-votes":"0","Pv-vote-card":"","Ai-holding-balance":"0.0000","Option-holding-balance":"0.0000000","Opt-type-select":"TU","Opt-type-fraction":"SL","Previous-instruct-ind":"","Previous-instruct-date":"0","Ben-owner-name":"","Regd-address-1":"","Regd-address-2":"","Regd-address-3":"","Regd-address-4":"","Regd-addr-city":"","Regd-addr-state":"","Regd-addr-zip":"","Regd-addr-ctry":"","Cont-name":"","Cont-email":"","Cont-phone":"","Tax-id":"","Tax-id-cty":"","Comp-id":"","Comp-id-cty":"","Cty-incorp":"","Other-description":"","Other-value":"","Us-non-us":""}],"BROKER-INSTRUCT":[{"ISN":"13359","Asset-id-old":"B1CRLC4","Rec-type-code":"1","Rec-status":"V","Brk-code":"XXXX","Opt-type":"","Opt-stip-curr-code":"","User-select-ind":"","Asset-rights-id":"","Nom-sub-acc-comb":"","Cust-secs-acc-no":"","Brk-total-instrbl-amt":"251000.0000","Brk-prev-instrd-amt":"0.0000","Brk-instr-amt":"8010.0000","Brk-total-hldg-amt":"251000.0000","Brk-telex-ind":"V","Brk-instr-tran-method":"T","Brk-instr-ipdt-key":"0000000000000000000000","Brk-select-only-instr":"CX","Brk-instr-ind":"A","Brk-instr-let-name":"XXXXXXXXXXX","Brk-instr-tested-tlx":"N","Brk-all-comment-group":[{"Brk-all-comment":"","Brk-all-comment-pos":""},{"Brk-all-comment":"","Brk-all-comment-pos":""},{"Brk-all-comment":"","Brk-all-comment-pos":""},{"Brk-all-comment":"","Brk-all-comment-pos":""},{"Brk-all-comment":"","Brk-all-comment-pos":""},{"Brk-all-comment":"","Brk-all-comment-pos":""},{"Brk-all-comment":"","Brk-all-comment-pos":""},{"Brk-all-comment":"","Brk-all-comment-pos":""},{"Brk-all-comment":"","Brk-all-comment-pos":""},{"Brk-all-comment":"","Brk-all-comment-pos":""},{"Brk-all-comment":"","Brk-all-comment-pos":""},{"Brk-all-comment":"","Brk-all-comment-pos":""},{"Brk-all-comment":"","Brk-all-comment-pos":""},{"Brk-all-comment":"","Brk-all-comment-pos":""},{"Brk-all-comment":"","Brk-all-comment-pos":""},{"Brk-all-comment":"","Brk-all-comment-pos":""},{"Brk-all-comment":"","Brk-all-comment-pos":""},{"Brk-all-comment":"","Brk-all-comment-pos":""},{"Brk-all-comment":"","Brk-all-comment-pos":""},{"Brk-all-comment":"","Brk-all-comment-pos":""},{"Brk-all-comment":"","Brk-all-comment-pos":""},{"Brk-all-comment":"","Brk-all-comment-pos":""},{"Brk-all-comment":"","Brk-all-comment-pos":""},{"Brk-all-comment":"","Brk-all-comment-pos":""},{"Brk-all-comment":"","Brk-all-comment-pos":""},{"Brk-all-comment":"","Brk-all-comment-pos":""},{"Brk-all-comment":"","Brk-all-comment-pos":""},{"Brk-all-comment":"","Brk-all-comment-pos":""}],"Brk-comment-group":[{"Brk-comment":"","Brk-comment-pos":""},{"Brk-comment":"","Brk-comment-pos":""},{"Brk-comment":"","Brk-comment-pos":""},{"Brk-comment":"","Brk-comment-pos":""},{"Brk-comment":"","Brk-comment-pos":""},{"Brk-comment":"","Brk-comment-pos":""},{"Brk-comment":"","Brk-comment-pos":""},{"Brk-comment":"","Brk-comment-pos":""},{"Brk-comment":"","Brk-comment-pos":""},{"Brk-comment":"","Brk-comment-pos":""},{"Brk-comment":"","Brk-comment-pos":""},{"Brk-comment":"","Brk-comment-pos":""},{"Brk-comment":"","Brk-comment-pos":""},{"Brk-comment":"","Brk-comment-pos":""},{"Brk-comment":"","Brk-comment-pos":""},{"Brk-comment":"","Brk-comment-pos":""},{"Brk-comment":"","Brk-comment-pos":""},{"Brk-comment":"","Brk-comment-pos":""},{"Brk-comment":"","Brk-comment-pos":""},{"Brk-comment":"","Brk-comment-pos":""},{"Brk-comment":"","Brk-comment-pos":""},{"Brk-comment":"","Brk-comment-pos":""},{"Brk-comment":"","Brk-comment-pos":""},{"Brk-comment":"","Brk-comment-pos":""},{"Brk-comment":"","Brk-comment-pos":""},{"Brk-comment":"","Brk-comment-pos":""},{"Brk-comment":"","Brk-comment-pos":""},{"Brk-comment":"","Brk-comment-pos":""}],"Opt-holding":"0.0000","Opt-holding-net":"0.0000","Opt-cash-curr-code":"0","Opt-cash-swift-curr":"","Opt-cash-ent":"0.0000","Opt-asset-ent-1":"0.0000000","Opt-asset-ent-2":"0.0000000","Opt-asset-ent-3":"0.0000000","Opt-fraction-oddlot":"0.000","Opt-cost-curr-code":"0","Opt-cost-swift-curr":"","Opt-cost":"0.0000","Opt-stip-amt":"0.000","Opt-type-occ":"0","Fraction-instr":"CD","Prev-brk-instr":"0","Client-over-instr":"","Client-reconciled":"","Manual-update-ind":"","Last-change-input-user":"XXX","Last-change-verify-user":"XXX","Last-change-program":"KA1499","Last-change-date":"42479","Last-change-time":"141118"},{"ISN":"13358","Asset-id-old":"B1CRLC4","Rec-type-code":"2","Rec-status":"V","Brk-code":"3796","Opt-type":"CX","Opt-stip-curr-code":"","User-select-ind":"","Asset-rights-id":"","Nom-sub-acc-comb":"","Cust-secs-acc-no":"","Brk-total-instrbl-amt":"0.0000","Brk-prev-instrd-amt":"0.0000","Brk-instr-amt":"0.0000","Brk-total-hldg-amt":"0.0000","Brk-telex-ind":"","Brk-instr-tran-method":"","Brk-instr-ipdt-key":"","Brk-select-only-instr":"","Brk-instr-ind":"","Brk-instr-let-name":"","Brk-instr-tested-tlx":"","Brk-all-comment-group":[{"Brk-all-comment":"","Brk-all-comment-pos":""}],"Brk-comment-group":[{"Brk-comment":"","Brk-comment-pos":""}],"Opt-holding":"8010.0000","Opt-holding-net":"8010.0000","Opt-cash-curr-code":"0","Opt-cash-swift-curr":"","Opt-cash-ent":"0.0000","Opt-asset-ent-1":"0.0000000","Opt-asset-ent-2":"0.0000000","Opt-asset-ent-3":"0.0000000","Opt-fraction-oddlot":"0.000","Opt-cost-curr-code":"0","Opt-cost-swift-curr":"","Opt-cost":"0.0000","Opt-stip-amt":"0.000","Opt-type-occ":"0","Fraction-instr":"CD","Prev-brk-instr":"0","Client-over-instr":"","Client-reconciled":"","Manual-update-ind":"","Last-change-input-user":"XXX","Last-change-verify-user":"XXX","Last-change-program":"KA1486N2","Last-change-date":"42479","Last-change-time":"135214"}]}],"HOLDINGS":[{"ISN":"62757794","Holding-date-inv":"","Asset-id-old":"","Cust-secs-acc-no":"","Mcvs-acc-id":"","Cust-secs-brief-name":"","Atbas-cust-no":"","Ex-date":"","Seq-no":"","Nom-sub-acc-comb":"","Holding-perm":"","Holding-ar":"","Holding-ad":"","Holding-rights":"","Prev-net-holding":"","Entitlement-group":[{"Option":"0","Option-holding":"0.0000000","Cash-curr-code":"0","Cash-swift-curr":"","Cash-entitlement":"0.000","Asset-entitle-1":"0.0000000","Asset-entitle-2":"0.0000000","Asset-entitle-3":"0.0000000","Fraction-oddlot":"0","Cost-curr-code":"0","Cost-swift-curr":"","Cost":"0.000"}],"Gross-value":"0.0000000","Commission":"0.000","Tax":"0.000","Net-value":"0.000","Net-value-gbp":"0.000","Exch-rate":"0.0000000","Payaway-curr-code":"0","Payaway-swift-curr":"","Payaway-amount":"0.000","Client-seq-no":"1","Instr-status":"","Instr-tel-date":"0","Instr-conf-date":"0","Trace-interval":"0","Next-trace-date":"0","Cust-instr-comment":"","Holding-entitle-change-da":"0","Holding-modify-date":"0","Notify-date":"0","Notify-details":[{"Notify-seq-no":"6","Notify-ipdt-key":"","Notify-method":"X"}],"":"","a":"d","1":"3","5":"6"}]}