<?xml version="1.0" encoding="UTF-8"?>
<metadata DBS="SQL" HOST="13.232.29.238" PORT="1433" DATABASE="sample" SCHEMA="ECC" FULLORSELECTED="FULL" SELECTED="">
		<caseSensitive>false</caseSensitive>
		<defaultSchema>ECC</defaultSchema>
		<validatingOnIngest>false</validatingOnIngest>
		<locale>en-US</locale>
		<schemaMetadataList>
		<schemaMetadata>
		<name>ECC</name>
		<tableCount>7</tableCount>
		<tableMetadataList>
<tableMetadata>
		<name>table_address</name>
		<recordCount>10</recordCount>
		<columnList>
		<column>
		<name>objid</name>
		<ordinal>1</ordinal>
		<type>INT</type>
		<typeLength>10</typeLength>
		<index>true</index></column>
		<column>
		<name>address</name>
		<ordinal>2</ordinal>
		<type>VARCHAR</type>
		<typeLength>200</typeLength>
		<index>false</index></column>
		<column>
		<name>city</name>
		<ordinal>3</ordinal>
		<type>VARCHAR</type>
		<typeLength>30</typeLength>
		<index>false</index></column>
		<column>
		<name>state</name>
		<ordinal>4</ordinal>
		<type>VARCHAR</type>
		<typeLength>40</typeLength>
		<index>false</index></column>
		<column>
		<name>zipcode</name>
		<ordinal>5</ordinal>
		<type>VARCHAR</type>
		<typeLength>20</typeLength>
		<index>false</index></column>
		<column>
		<name>address_2</name>
		<ordinal>6</ordinal>
		<type>VARCHAR</type>
		<typeLength>200</typeLength>
		<index>false</index></column>
		<column>
		<name>dev</name>
		<ordinal>7</ordinal>
		<type>INT</type>
		<typeLength>10</typeLength>
		<index>false</index></column>
		<column>
		<name>update_stamp</name>
		<ordinal>8</ordinal>
		<type>DATETIME</type>
		<typeLength>23</typeLength>
		<index>false</index></column>
		<column>
		<name>address2time_zone</name>
		<ordinal>9</ordinal>
		<type>INT</type>
		<typeLength>10</typeLength>
		<index>false</index></column>
		<column>
		<name>address2country</name>
		<ordinal>10</ordinal>
		<type>INT</type>
		<typeLength>10</typeLength>
		<index>false</index></column>
		<column>
		<name>address2state_prov</name>
		<ordinal>11</ordinal>
		<type>INT</type>
		<typeLength>10</typeLength>
		<index>false</index></column>
		<column>
		<name>x_addr_cnty_nm</name>
		<ordinal>12</ordinal>
		<type>VARCHAR</type>
		<typeLength>30</typeLength>
		<index>false</index></column>
		<column>
		<name>x_addr_last_verify_ts</name>
		<ordinal>13</ordinal>
		<type>DATETIME</type>
		<typeLength>23</typeLength>
		<index>false</index></column>
		<column>
		<name>x_addr_undlvr_flg</name>
		<ordinal>14</ordinal>
		<type>INT</type>
		<typeLength>10</typeLength>
		<index>false</index></column>
		<column>
		<name>x_addr_dlvr_flg</name>
		<ordinal>15</ordinal>
		<type>INT</type>
		<typeLength>10</typeLength>
		<index>false</index></column></columnList>
		<relationshipList>
		<isPkTable>true</isPkTable></relationshipList></tableMetadata>
<tableMetadata>
		<name>table_case</name>
		<recordCount>100009</recordCount>
		<columnList>
		<column>
		<name>objid</name>
		<ordinal>1</ordinal>
		<type>INT</type>
		<typeLength>10</typeLength>
		<index>true</index></column>
		<column>
		<name>title</name>
		<ordinal>2</ordinal>
		<type>VARCHAR</type>
		<typeLength>80</typeLength>
		<index>false</index></column>
		<column>
		<name>id_number</name>
		<ordinal>3</ordinal>
		<type>VARCHAR</type>
		<typeLength>255</typeLength>
		<index>false</index></column>
		<column>
		<name>creation_time</name>
		<ordinal>4</ordinal>
		<type>DATETIME</type>
		<typeLength>23</typeLength>
		<index>false</index></column>
		<column>
		<name>internal_case</name>
		<ordinal>5</ordinal>
		<type>INT</type>
		<typeLength>10</typeLength>
		<index>false</index></column>
		<column>
		<name>hangup_time</name>
		<ordinal>6</ordinal>
		<type>DATETIME</type>
		<typeLength>23</typeLength>
		<index>false</index></column>
		<column>
		<name>alt_phone_num</name>
		<ordinal>7</ordinal>
		<type>VARCHAR</type>
		<typeLength>20</typeLength>
		<index>false</index></column>
		<column>
		<name>phone_num</name>
		<ordinal>8</ordinal>
		<type>VARCHAR</type>
		<typeLength>20</typeLength>
		<index>false</index></column>
		<column>
		<name>pickup_ext</name>
		<ordinal>9</ordinal>
		<type>VARCHAR</type>
		<typeLength>8</typeLength>
		<index>false</index></column>
		<column>
		<name>case_history</name>
		<ordinal>10</ordinal>
		<type>TEXT</type>
		<typeLength>2147483647</typeLength>
		<index>false</index></column>
		<column>
		<name>topics_title</name>
		<ordinal>11</ordinal>
		<type>VARCHAR</type>
		<typeLength>255</typeLength>
		<index>false</index></column>
		<column>
		<name>yank_flag</name>
		<ordinal>12</ordinal>
		<type>INT</type>
		<typeLength>10</typeLength>
		<index>false</index></column>
		<column>
		<name>server_status</name>
		<ordinal>13</ordinal>
		<type>VARCHAR</type>
		<typeLength>2</typeLength>
		<index>false</index></column>
		<column>
		<name>support_type</name>
		<ordinal>14</ordinal>
		<type>VARCHAR</type>
		<typeLength>2</typeLength>
		<index>false</index></column>
		<column>
		<name>warranty_flag</name>
		<ordinal>15</ordinal>
		<type>VARCHAR</type>
		<typeLength>2</typeLength>
		<index>false</index></column>
		<column>
		<name>support_msg</name>
		<ordinal>16</ordinal>
		<type>VARCHAR</type>
		<typeLength>80</typeLength>
		<index>false</index></column>
		<column>
		<name>alt_first_name</name>
		<ordinal>17</ordinal>
		<type>VARCHAR</type>
		<typeLength>30</typeLength>
		<index>false</index></column>
		<column>
		<name>alt_last_name</name>
		<ordinal>18</ordinal>
		<type>VARCHAR</type>
		<typeLength>30</typeLength>
		<index>false</index></column>
		<column>
		<name>alt_fax_number</name>
		<ordinal>19</ordinal>
		<type>VARCHAR</type>
		<typeLength>20</typeLength>
		<index>false</index></column>
		<column>
		<name>alt_e_mail</name>
		<ordinal>20</ordinal>
		<type>VARCHAR</type>
		<typeLength>80</typeLength>
		<index>false</index></column>
		<column>
		<name>alt_site_name</name>
		<ordinal>21</ordinal>
		<type>VARCHAR</type>
		<typeLength>80</typeLength>
		<index>false</index></column>
		<column>
		<name>alt_address</name>
		<ordinal>22</ordinal>
		<type>VARCHAR</type>
		<typeLength>200</typeLength>
		<index>false</index></column>
		<column>
		<name>alt_city</name>
		<ordinal>23</ordinal>
		<type>VARCHAR</type>
		<typeLength>30</typeLength>
		<index>false</index></column>
		<column>
		<name>alt_state</name>
		<ordinal>24</ordinal>
		<type>VARCHAR</type>
		<typeLength>30</typeLength>
		<index>false</index></column>
		<column>
		<name>alt_zipcode</name>
		<ordinal>25</ordinal>
		<type>VARCHAR</type>
		<typeLength>20</typeLength>
		<index>false</index></column>
		<column>
		<name>fcs_cc_notify</name>
		<ordinal>26</ordinal>
		<type>INT</type>
		<typeLength>10</typeLength>
		<index>false</index></column>
		<column>
		<name>symptom_code</name>
		<ordinal>27</ordinal>
		<type>VARCHAR</type>
		<typeLength>10</typeLength>
		<index>false</index></column>
		<column>
		<name>cure_code</name>
		<ordinal>28</ordinal>
		<type>VARCHAR</type>
		<typeLength>10</typeLength>
		<index>false</index></column>
		<column>
		<name>site_time</name>
		<ordinal>29</ordinal>
		<type>DATETIME</type>
		<typeLength>23</typeLength>
		<index>false</index></column>
		<column>
		<name>alt_prod_serial</name>
		<ordinal>30</ordinal>
		<type>VARCHAR</type>
		<typeLength>30</typeLength>
		<index>false</index></column>
		<column>
		<name>msg_wait_count</name>
		<ordinal>31</ordinal>
		<type>INT</type>
		<typeLength>10</typeLength>
		<index>false</index></column>
		<column>
		<name>reply_wait_count</name>
		<ordinal>32</ordinal>
		<type>INT</type>
		<typeLength>10</typeLength>
		<index>false</index></column>
		<column>
		<name>reply_state</name>
		<ordinal>33</ordinal>
		<type>INT</type>
		<typeLength>10</typeLength>
		<index>false</index></column>
		<column>
		<name>oper_system</name>
		<ordinal>34</ordinal>
		<type>VARCHAR</type>
		<typeLength>20</typeLength>
		<index>false</index></column>
		<column>
		<name>case_sup_type</name>
		<ordinal>35</ordinal>
		<type>VARCHAR</type>
		<typeLength>2</typeLength>
		<index>false</index></column>
		<column>
		<name>payment_method</name>
		<ordinal>36</ordinal>
		<type>VARCHAR</type>
		<typeLength>30</typeLength>
		<index>false</index></column>
		<column>
		<name>ref_number</name>
		<ordinal>37</ordinal>
		<type>VARCHAR</type>
		<typeLength>80</typeLength>
		<index>false</index></column>
		<column>
		<name>DOA_check_box</name>
		<ordinal>38</ordinal>
		<type>INT</type>
		<typeLength>10</typeLength>
		<index>false</index></column>
		<column>
		<name>customer_satis</name>
		<ordinal>39</ordinal>
		<type>INT</type>
		<typeLength>10</typeLength>
		<index>false</index></column>
		<column>
		<name>customer_code</name>
		<ordinal>40</ordinal>
		<type>VARCHAR</type>
		<typeLength>20</typeLength>
		<index>false</index></column>
		<column>
		<name>service_id</name>
		<ordinal>41</ordinal>
		<type>VARCHAR</type>
		<typeLength>30</typeLength>
		<index>false</index></column>
		<column>
		<name>alt_phone</name>
		<ordinal>42</ordinal>
		<type>VARCHAR</type>
		<typeLength>20</typeLength>
		<index>false</index></column>
		<column>
		<name>forward_check</name>
		<ordinal>43</ordinal>
		<type>INT</type>
		<typeLength>10</typeLength>
		<index>false</index></column>
		<column>
		<name>cclist1</name>
		<ordinal>44</ordinal>
		<type>VARCHAR</type>
		<typeLength>255</typeLength>
		<index>false</index></column>
		<column>
		<name>cclist2</name>
		<ordinal>45</ordinal>
		<type>VARCHAR</type>
		<typeLength>255</typeLength>
		<index>false</index></column>
		<column>
		<name>keywords</name>
		<ordinal>46</ordinal>
		<type>VARCHAR</type>
		<typeLength>255</typeLength>
		<index>false</index></column>
		<column>
		<name>ownership_stmp</name>
		<ordinal>47</ordinal>
		<type>DATETIME</type>
		<typeLength>23</typeLength>
		<index>false</index></column>
		<column>
		<name>modify_stmp</name>
		<ordinal>48</ordinal>
		<type>DATETIME</type>
		<typeLength>23</typeLength>
		<index>false</index></column>
		<column>
		<name>dist</name>
		<ordinal>49</ordinal>
		<type>INT</type>
		<typeLength>10</typeLength>
		<index>false</index></column>
		<column>
		<name>arch_ind</name>
		<ordinal>50</ordinal>
		<type>INT</type>
		<typeLength>10</typeLength>
		<index>false</index></column>
		<column>
		<name>is_supercase</name>
		<ordinal>51</ordinal>
		<type>TINYINT</type>
		<typeLength>3</typeLength>
		<index>false</index></column>
		<column>
		<name>dev</name>
		<ordinal>52</ordinal>
		<type>INT</type>
		<typeLength>10</typeLength>
		<index>false</index></column>
		<column>
		<name>case_soln2workaround</name>
		<ordinal>53</ordinal>
		<type>INT</type>
		<typeLength>10</typeLength>
		<index>false</index></column>
		<column>
		<name>case_prevq2queue</name>
		<ordinal>54</ordinal>
		<type>INT</type>
		<typeLength>10</typeLength>
		<index>false</index></column>
		<column>
		<name>case_currq2queue</name>
		<ordinal>55</ordinal>
		<type>INT</type>
		<typeLength>10</typeLength>
		<index>false</index></column>
		<column>
		<name>case_wip2wipbin</name>
		<ordinal>56</ordinal>
		<type>INT</type>
		<typeLength>10</typeLength>
		<index>false</index></column>
		<column>
		<name>case_logic2prog_logic</name>
		<ordinal>57</ordinal>
		<type>INT</type>
		<typeLength>10</typeLength>
		<index>false</index></column>
		<column>
		<name>case_owner2user</name>
		<ordinal>58</ordinal>
		<type>INT</type>
		<typeLength>10</typeLength>
		<index>false</index></column>
		<column>
		<name>case_state2condition</name>
		<ordinal>59</ordinal>
		<type>INT</type>
		<typeLength>10</typeLength>
		<index>false</index></column>
		<column>
		<name>case_originator2user</name>
		<ordinal>60</ordinal>
		<type>INT</type>
		<typeLength>10</typeLength>
		<index>false</index></column>
		<column>
		<name>case_empl2employee</name>
		<ordinal>61</ordinal>
		<type>INT</type>
		<typeLength>10</typeLength>
		<index>false</index></column>
		<column>
		<name>calltype2gbst_elm</name>
		<ordinal>62</ordinal>
		<type>INT</type>
		<typeLength>10</typeLength>
		<index>false</index></column>
		<column>
		<name>respprty2gbst_elm</name>
		<ordinal>63</ordinal>
		<type>INT</type>
		<typeLength>10</typeLength>
		<index>false</index></column>
		<column>
		<name>respsvrty2gbst_elm</name>
		<ordinal>64</ordinal>
		<type>INT</type>
		<typeLength>10</typeLength>
		<index>false</index></column>
		<column>
		<name>case_prod2site_part</name>
		<ordinal>65</ordinal>
		<type>INT</type>
		<typeLength>10</typeLength>
		<index>false</index></column>
		<column>
		<name>case_reporter2site</name>
		<ordinal>66</ordinal>
		<type>INT</type>
		<typeLength>10</typeLength>
		<index>false</index></column>
		<column>
		<name>case_reporter2contact</name>
		<ordinal>67</ordinal>
		<type>INT</type>
		<typeLength>10</typeLength>
		<index>false</index></column>
		<column>
		<name>entitlement2contract</name>
		<ordinal>68</ordinal>
		<type>INT</type>
		<typeLength>10</typeLength>
		<index>false</index></column>
		<column>
		<name>casests2gbst_elm</name>
		<ordinal>69</ordinal>
		<type>INT</type>
		<typeLength>10</typeLength>
		<index>false</index></column>
		<column>
		<name>case_rip2ripbin</name>
		<ordinal>70</ordinal>
		<type>INT</type>
		<typeLength>10</typeLength>
		<index>false</index></column>
		<column>
		<name>covrd_ppi2site_part</name>
		<ordinal>71</ordinal>
		<type>INT</type>
		<typeLength>10</typeLength>
		<index>false</index></column>
		<column>
		<name>case_distr2site</name>
		<ordinal>72</ordinal>
		<type>INT</type>
		<typeLength>10</typeLength>
		<index>false</index></column>
		<column>
		<name>case2address</name>
		<ordinal>73</ordinal>
		<type>INT</type>
		<typeLength>10</typeLength>
		<index>false</index></column>
		<column>
		<name>case_node2site_part</name>
		<ordinal>74</ordinal>
		<type>INT</type>
		<typeLength>10</typeLength>
		<index>false</index></column>
		<column>
		<name>de_product2site_part</name>
		<ordinal>75</ordinal>
		<type>INT</type>
		<typeLength>10</typeLength>
		<index>false</index></column>
		<column>
		<name>case_prt2part_info</name>
		<ordinal>76</ordinal>
		<type>INT</type>
		<typeLength>10</typeLength>
		<index>false</index></column>
		<column>
		<name>de_prt2part_info</name>
		<ordinal>77</ordinal>
		<type>INT</type>
		<typeLength>10</typeLength>
		<index>false</index></column>
		<column>
		<name>alt_contact2contact</name>
		<ordinal>78</ordinal>
		<type>INT</type>
		<typeLength>10</typeLength>
		<index>false</index></column>
		<column>
		<name>task2opportunity</name>
		<ordinal>79</ordinal>
		<type>INT</type>
		<typeLength>10</typeLength>
		<index>false</index></column>
		<column>
		<name>case2life_cycle</name>
		<ordinal>80</ordinal>
		<type>INT</type>
		<typeLength>10</typeLength>
		<index>false</index></column>
		<column>
		<name>case_victim2case</name>
		<ordinal>81</ordinal>
		<type>INT</type>
		<typeLength>10</typeLength>
		<index>false</index></column>
		<column>
		<name>entitle2contr_itm</name>
		<ordinal>82</ordinal>
		<type>INT</type>
		<typeLength>10</typeLength>
		<index>false</index></column>
		<column>
		<name>x_bsns_seg_nm</name>
		<ordinal>83</ordinal>
		<type>VARCHAR</type>
		<typeLength>40</typeLength>
		<index>false</index></column>
		<column>
		<name>x_case_bw_reopen_flg</name>
		<ordinal>84</ordinal>
		<type>VARCHAR</type>
		<typeLength>1</typeLength>
		<index>false</index></column>
		<column>
		<name>x_case_cat2x_bbotect</name>
		<ordinal>85</ordinal>
		<type>INT</type>
		<typeLength>10</typeLength>
		<index>false</index></column>
		<column>
		<name>x_case_class2x_skutcla</name>
		<ordinal>86</ordinal>
		<type>INT</type>
		<typeLength>10</typeLength>
		<index>false</index></column>
		<column>
		<name>x_case_clscl2x_skutscl</name>
		<ordinal>87</ordinal>
		<type>INT</type>
		<typeLength>10</typeLength>
		<index>false</index></column>
		<column>
		<name>x_case_dept2x_skutdpt</name>
		<ordinal>88</ordinal>
		<type>INT</type>
		<typeLength>10</typeLength>
		<index>false</index></column>
		<column>
		<name>x_case_esku2x_bbotesk</name>
		<ordinal>89</ordinal>
		<type>INT</type>
		<typeLength>10</typeLength>
		<index>false</index></column>
		<column>
		<name>x_case_mcat2x_bbotmct</name>
		<ordinal>90</ordinal>
		<type>INT</type>
		<typeLength>10</typeLength>
		<index>false</index></column>
		<column>
		<name>x_case_open_cnt</name>
		<ordinal>91</ordinal>
		<type>INT</type>
		<typeLength>10</typeLength>
		<index>false</index></column>
		<column>
		<name>x_case_scat2x_bbotsca</name>
		<ordinal>92</ordinal>
		<type>INT</type>
		<typeLength>10</typeLength>
		<index>false</index></column>
		<column>
		<name>x_case_sku2x_skutsku</name>
		<ordinal>93</ordinal>
		<type>INT</type>
		<typeLength>10</typeLength>
		<index>false</index></column>
		<column>
		<name>x_case_stor_loc2site</name>
		<ordinal>94</ordinal>
		<type>INT</type>
		<typeLength>10</typeLength>
		<index>false</index></column>
		<column>
		<name>x_case_subtyp</name>
		<ordinal>95</ordinal>
		<type>VARCHAR</type>
		<typeLength>40</typeLength>
		<index>false</index></column>
		<column>
		<name>x_case_subtyp_2</name>
		<ordinal>96</ordinal>
		<type>VARCHAR</type>
		<typeLength>40</typeLength>
		<index>false</index></column>
		<column>
		<name>x_case_typ</name>
		<ordinal>97</ordinal>
		<type>VARCHAR</type>
		<typeLength>40</typeLength>
		<index>false</index></column>
		<column>
		<name>x_cntct_email_avl_flg</name>
		<ordinal>98</ordinal>
		<type>INT</type>
		<typeLength>10</typeLength>
		<index>false</index></column>
		<column>
		<name>x_cntct_fax_avail_flg</name>
		<ordinal>99</ordinal>
		<type>INT</type>
		<typeLength>10</typeLength>
		<index>false</index></column>
		<column>
		<name>x_cntct_mail_avail_flg</name>
		<ordinal>100</ordinal>
		<type>INT</type>
		<typeLength>10</typeLength>
		<index>false</index></column>
		<column>
		<name>x_cntct_ph_avail_flg</name>
		<ordinal>101</ordinal>
		<type>INT</type>
		<typeLength>10</typeLength>
		<index>false</index></column>
		<column>
		<name>x_comm_media_src_typ</name>
		<ordinal>102</ordinal>
		<type>VARCHAR</type>
		<typeLength>30</typeLength>
		<index>false</index></column>
		<column>
		<name>x_cust_bw_svc_rqst_id</name>
		<ordinal>103</ordinal>
		<type>INT</type>
		<typeLength>10</typeLength>
		<index>false</index></column>
		<column>
		<name>x_cust_chkacct_nbr</name>
		<ordinal>104</ordinal>
		<type>VARCHAR</type>
		<typeLength>16</typeLength>
		<index>false</index></column>
		<column>
		<name>x_cust_ord_id</name>
		<ordinal>105</ordinal>
		<type>VARCHAR</type>
		<typeLength>25</typeLength>
		<index>false</index></column>
		<column>
		<name>x_cust_persnl_iss_txt</name>
		<ordinal>106</ordinal>
		<type>VARCHAR</type>
		<typeLength>80</typeLength>
		<index>false</index></column>
		<column>
		<name>x_cust_satisfy_typ</name>
		<ordinal>107</ordinal>
		<type>VARCHAR</type>
		<typeLength>80</typeLength>
		<index>false</index></column>
		<column>
		<name>x_cust_svc_iss_txt</name>
		<ordinal>108</ordinal>
		<type>VARCHAR</type>
		<typeLength>80</typeLength>
		<index>false</index></column>
		<column>
		<name>x_mfg_vndr_nm</name>
		<ordinal>109</ordinal>
		<type>VARCHAR</type>
		<typeLength>25</typeLength>
		<index>false</index></column>
		<column>
		<name>x_prod_mfg_modl_id</name>
		<ordinal>110</ordinal>
		<type>VARCHAR</type>
		<typeLength>20</typeLength>
		<index>false</index></column>
		<column>
		<name>x_prod_purch_dt</name>
		<ordinal>111</ordinal>
		<type>DATETIME</type>
		<typeLength>23</typeLength>
		<index>false</index></column>
		<column>
		<name>x_prod_ser_nbr</name>
		<ordinal>112</ordinal>
		<type>VARCHAR</type>
		<typeLength>30</typeLength>
		<index>false</index></column>
		<column>
		<name>x_prod_unit_prc</name>
		<ordinal>113</ordinal>
		<type>DECIMAL</type>
		<typeLength>9</typeLength>
		<index>false</index></column>
		<column>
		<name>x_reprn_rcpt_reasn_typ</name>
		<ordinal>114</ordinal>
		<type>VARCHAR</type>
		<typeLength>80</typeLength>
		<index>false</index></column>
		<column>
		<name>x_stor_mgr_comm_flg</name>
		<ordinal>115</ordinal>
		<type>INT</type>
		<typeLength>10</typeLength>
		<index>false</index></column>
		<column>
		<name>x_svc_ord_id</name>
		<ordinal>116</ordinal>
		<type>VARCHAR</type>
		<typeLength>32</typeLength>
		<index>false</index></column>
		<column>
		<name>x_vndr_nm</name>
		<ordinal>117</ordinal>
		<type>VARCHAR</type>
		<typeLength>40</typeLength>
		<index>false</index></column>
		<column>
		<name>x_ciris_ratng_lvl</name>
		<ordinal>118</ordinal>
		<type>VARCHAR</type>
		<typeLength>20</typeLength>
		<index>false</index></column>
		<column>
		<name>x_cust_mail_recv_ts</name>
		<ordinal>119</ordinal>
		<type>DATETIME</type>
		<typeLength>23</typeLength>
		<index>false</index></column>
		<column>
		<name>x_cust_mail_beg_ts</name>
		<ordinal>120</ordinal>
		<type>DATETIME</type>
		<typeLength>23</typeLength>
		<index>false</index></column>
		<column>
		<name>x_prod_cat_lvl1_nm</name>
		<ordinal>121</ordinal>
		<type>VARCHAR</type>
		<typeLength>50</typeLength>
		<index>false</index></column>
		<column>
		<name>x_prod_cat_lvl2_nm</name>
		<ordinal>122</ordinal>
		<type>VARCHAR</type>
		<typeLength>50</typeLength>
		<index>false</index></column>
		<column>
		<name>x_prod_cat_lvl3_nm</name>
		<ordinal>123</ordinal>
		<type>VARCHAR</type>
		<typeLength>50</typeLength>
		<index>false</index></column>
		<column>
		<name>x_rep_empower_use_flg</name>
		<ordinal>124</ordinal>
		<type>INT</type>
		<typeLength>10</typeLength>
		<index>false</index></column>
		<column>
		<name>x_cust_seg_nm</name>
		<ordinal>125</ordinal>
		<type>VARCHAR</type>
		<typeLength>25</typeLength>
		<index>false</index></column></columnList>
		<relationshipList>
		<isPkTable>true</isPkTable>
		<relationship TYPE="USR">
		<name>tab_tab_1578482848681</name>
		<cardinality>null</cardinality>
		<joinList>
		<join>
		<pkTable>table_case</pkTable>
		<pkColumn>case_reporter2contact</pkColumn>
		<fkTable>table_contact</fkTable>
		<fkColumn>objid</fkColumn></join></joinList></relationship></relationshipList></tableMetadata>
<tableMetadata>
		<name>table_contact</name>
		<recordCount>100000</recordCount>
		<columnList>
		<column>
		<name>objid</name>
		<ordinal>1</ordinal>
		<type>INT</type>
		<typeLength>10</typeLength>
		<index>true</index></column>
		<column>
		<name>role_name</name>
		<ordinal>2</ordinal>
		<type>VARCHAR</type>
		<typeLength>80</typeLength>
		<index>false</index></column>
		<column>
		<name>primary_site</name>
		<ordinal>3</ordinal>
		<type>INT</type>
		<typeLength>10</typeLength>
		<index>false</index></column>
		<column>
		<name>dev</name>
		<ordinal>4</ordinal>
		<type>INT</type>
		<typeLength>10</typeLength>
		<index>false</index></column>
		<column>
		<name>update_stamp</name>
		<ordinal>5</ordinal>
		<type>DATETIME</type>
		<typeLength>23</typeLength>
		<index>false</index></column>
		<column>
		<name>contact_role2site</name>
		<ordinal>6</ordinal>
		<type>INT</type>
		<typeLength>10</typeLength>
		<index>false</index></column>
		<column>
		<name>contact_role2contact</name>
		<ordinal>7</ordinal>
		<type>INT</type>
		<typeLength>10</typeLength>
		<index>false</index></column>
		<column>
		<name>contact_role2gbst_elm</name>
		<ordinal>8</ordinal>
		<type>INT</type>
		<typeLength>10</typeLength>
		<index>false</index></column></columnList>
		<relationshipList>
		<isPkTable>true</isPkTable>
		<relationship TYPE="USR">
		<name>tab_tab_1578482848681</name>
		<cardinality>null</cardinality>
		<joinList>
		<join>
		<pkTable>table_case</pkTable>
		<pkColumn>case_reporter2contact</pkColumn>
		<fkTable>table_contact</fkTable>
		<fkColumn>objid</fkColumn></join></joinList></relationship>
		<relationship TYPE="USR">
		<name>tab_tab_1578483330037</name>
		<cardinality>null</cardinality>
		<joinList>
		<join>
		<pkTable>table_contact</pkTable>
		<pkColumn>objid</pkColumn>
		<fkTable>table_task</fkTable>
		<fkColumn>task2contact</fkColumn></join></joinList></relationship></relationshipList></tableMetadata>
<tableMetadata>
		<name>table_contact_role</name>
		<recordCount>0</recordCount>
		<columnList>
		<column>
		<name>objid</name>
		<ordinal>1</ordinal>
		<type>INT</type>
		<typeLength>10</typeLength>
		<index>true</index></column>
		<column>
		<name>role_name</name>
		<ordinal>2</ordinal>
		<type>VARCHAR</type>
		<typeLength>80</typeLength>
		<index>false</index></column>
		<column>
		<name>primary_site</name>
		<ordinal>3</ordinal>
		<type>INT</type>
		<typeLength>10</typeLength>
		<index>false</index></column>
		<column>
		<name>dev</name>
		<ordinal>4</ordinal>
		<type>INT</type>
		<typeLength>10</typeLength>
		<index>false</index></column>
		<column>
		<name>update_stamp</name>
		<ordinal>5</ordinal>
		<type>DATETIME</type>
		<typeLength>23</typeLength>
		<index>false</index></column>
		<column>
		<name>contact_role2site</name>
		<ordinal>6</ordinal>
		<type>INT</type>
		<typeLength>10</typeLength>
		<index>false</index></column>
		<column>
		<name>contact_role2contact</name>
		<ordinal>7</ordinal>
		<type>INT</type>
		<typeLength>10</typeLength>
		<index>false</index></column>
		<column>
		<name>contact_role2gbst_elm</name>
		<ordinal>8</ordinal>
		<type>INT</type>
		<typeLength>10</typeLength>
		<index>false</index></column></columnList>
		<relationshipList>
		<isPkTable>true</isPkTable></relationshipList></tableMetadata>
<tableMetadata>
		<name>table_site</name>
		<recordCount>0</recordCount>
		<columnList>
		<column>
		<name>objid</name>
		<ordinal>1</ordinal>
		<type>INT</type>
		<typeLength>10</typeLength>
		<index>true</index></column>
		<column>
		<name>site_id</name>
		<ordinal>2</ordinal>
		<type>VARCHAR</type>
		<typeLength>80</typeLength>
		<index>false</index></column>
		<column>
		<name>name</name>
		<ordinal>3</ordinal>
		<type>VARCHAR</type>
		<typeLength>80</typeLength>
		<index>false</index></column>
		<column>
		<name>external_id</name>
		<ordinal>4</ordinal>
		<type>VARCHAR</type>
		<typeLength>80</typeLength>
		<index>false</index></column>
		<column>
		<name>type</name>
		<ordinal>5</ordinal>
		<type>INT</type>
		<typeLength>10</typeLength>
		<index>false</index></column>
		<column>
		<name>logistics_type</name>
		<ordinal>6</ordinal>
		<type>INT</type>
		<typeLength>10</typeLength>
		<index>false</index></column>
		<column>
		<name>is_support</name>
		<ordinal>7</ordinal>
		<type>INT</type>
		<typeLength>10</typeLength>
		<index>false</index></column>
		<column>
		<name>region</name>
		<ordinal>8</ordinal>
		<type>VARCHAR</type>
		<typeLength>80</typeLength>
		<index>false</index></column>
		<column>
		<name>district</name>
		<ordinal>9</ordinal>
		<type>VARCHAR</type>
		<typeLength>80</typeLength>
		<index>false</index></column>
		<column>
		<name>depot</name>
		<ordinal>10</ordinal>
		<type>VARCHAR</type>
		<typeLength>80</typeLength>
		<index>false</index></column>
		<column>
		<name>contr_login</name>
		<ordinal>11</ordinal>
		<type>VARCHAR</type>
		<typeLength>80</typeLength>
		<index>false</index></column>
		<column>
		<name>contr_passwd</name>
		<ordinal>12</ordinal>
		<type>VARCHAR</type>
		<typeLength>80</typeLength>
		<index>false</index></column>
		<column>
		<name>is_default</name>
		<ordinal>13</ordinal>
		<type>INT</type>
		<typeLength>10</typeLength>
		<index>false</index></column>
		<column>
		<name>notes</name>
		<ordinal>14</ordinal>
		<type>VARCHAR</type>
		<typeLength>255</typeLength>
		<index>false</index></column>
		<column>
		<name>spec_consid</name>
		<ordinal>15</ordinal>
		<type>INT</type>
		<typeLength>10</typeLength>
		<index>false</index></column>
		<column>
		<name>mdbk</name>
		<ordinal>16</ordinal>
		<type>VARCHAR</type>
		<typeLength>80</typeLength>
		<index>false</index></column>
		<column>
		<name>state_code</name>
		<ordinal>17</ordinal>
		<type>INT</type>
		<typeLength>10</typeLength>
		<index>false</index></column>
		<column>
		<name>state_value</name>
		<ordinal>18</ordinal>
		<type>VARCHAR</type>
		<typeLength>20</typeLength>
		<index>false</index></column>
		<column>
		<name>industry_type</name>
		<ordinal>19</ordinal>
		<type>VARCHAR</type>
		<typeLength>30</typeLength>
		<index>false</index></column>
		<column>
		<name>appl_type</name>
		<ordinal>20</ordinal>
		<type>VARCHAR</type>
		<typeLength>30</typeLength>
		<index>false</index></column>
		<column>
		<name>cut_date</name>
		<ordinal>21</ordinal>
		<type>DATETIME</type>
		<typeLength>23</typeLength>
		<index>false</index></column>
		<column>
		<name>site_type</name>
		<ordinal>22</ordinal>
		<type>VARCHAR</type>
		<typeLength>4</typeLength>
		<index>false</index></column>
		<column>
		<name>status</name>
		<ordinal>23</ordinal>
		<type>INT</type>
		<typeLength>10</typeLength>
		<index>false</index></column>
		<column>
		<name>arch_ind</name>
		<ordinal>24</ordinal>
		<type>INT</type>
		<typeLength>10</typeLength>
		<index>false</index></column>
		<column>
		<name>alert_ind</name>
		<ordinal>25</ordinal>
		<type>TINYINT</type>
		<typeLength>3</typeLength>
		<index>false</index></column>
		<column>
		<name>phone</name>
		<ordinal>26</ordinal>
		<type>VARCHAR</type>
		<typeLength>20</typeLength>
		<index>false</index></column>
		<column>
		<name>fax</name>
		<ordinal>27</ordinal>
		<type>VARCHAR</type>
		<typeLength>20</typeLength>
		<index>false</index></column>
		<column>
		<name>dev</name>
		<ordinal>28</ordinal>
		<type>INT</type>
		<typeLength>10</typeLength>
		<index>false</index></column>
		<column>
		<name>update_stamp</name>
		<ordinal>29</ordinal>
		<type>DATETIME</type>
		<typeLength>23</typeLength>
		<index>false</index></column>
		<column>
		<name>child_site2site</name>
		<ordinal>30</ordinal>
		<type>INT</type>
		<typeLength>10</typeLength>
		<index>false</index></column>
		<column>
		<name>support_office2site</name>
		<ordinal>31</ordinal>
		<type>INT</type>
		<typeLength>10</typeLength>
		<index>false</index></column>
		<column>
		<name>cust_primaddr2address</name>
		<ordinal>32</ordinal>
		<type>INT</type>
		<typeLength>10</typeLength>
		<index>false</index></column>
		<column>
		<name>cust_billaddr2address</name>
		<ordinal>33</ordinal>
		<type>INT</type>
		<typeLength>10</typeLength>
		<index>false</index></column>
		<column>
		<name>cust_shipaddr2address</name>
		<ordinal>34</ordinal>
		<type>INT</type>
		<typeLength>10</typeLength>
		<index>false</index></column>
		<column>
		<name>site_support2employee</name>
		<ordinal>35</ordinal>
		<type>INT</type>
		<typeLength>10</typeLength>
		<index>false</index></column>
		<column>
		<name>site_altsupp2employee</name>
		<ordinal>36</ordinal>
		<type>INT</type>
		<typeLength>10</typeLength>
		<index>false</index></column>
		<column>
		<name>report_site2bug</name>
		<ordinal>37</ordinal>
		<type>INT</type>
		<typeLength>10</typeLength>
		<index>false</index></column>
		<column>
		<name>primary2bus_org</name>
		<ordinal>38</ordinal>
		<type>INT</type>
		<typeLength>10</typeLength>
		<index>false</index></column>
		<column>
		<name>site2exch_protocol</name>
		<ordinal>39</ordinal>
		<type>INT</type>
		<typeLength>10</typeLength>
		<index>false</index></column>
		<column>
		<name>x_site_loc_lvl_typ</name>
		<ordinal>40</ordinal>
		<type>VARCHAR</type>
		<typeLength>20</typeLength>
		<index>false</index></column>
		<column>
		<name>x_site_rpt_incld_flg</name>
		<ordinal>41</ordinal>
		<type>INT</type>
		<typeLength>10</typeLength>
		<index>false</index></column>
		<column>
		<name>ship_via</name>
		<ordinal>42</ordinal>
		<type>VARCHAR</type>
		<typeLength>80</typeLength>
		<index>false</index></column>
		<column>
		<name>x_bsns_unit_nm</name>
		<ordinal>43</ordinal>
		<type>VARCHAR</type>
		<typeLength>5</typeLength>
		<index>false</index></column>
		<column>
		<name>x_fax_area_nbr</name>
		<ordinal>44</ordinal>
		<type>VARCHAR</type>
		<typeLength>10</typeLength>
		<index>false</index></column>
		<column>
		<name>x_ph_area_nbr</name>
		<ordinal>45</ordinal>
		<type>VARCHAR</type>
		<typeLength>10</typeLength>
		<index>false</index></column>
		<column>
		<name>x_loc_nbr</name>
		<ordinal>46</ordinal>
		<type>INT</type>
		<typeLength>10</typeLength>
		<index>false</index></column></columnList>
		<relationshipList>
		<isPkTable>true</isPkTable></relationshipList></tableMetadata>
<tableMetadata>
		<name>table_task</name>
		<recordCount>10000</recordCount>
		<columnList>
		<column>
		<name>objid</name>
		<ordinal>1</ordinal>
		<type>INT</type>
		<typeLength>10</typeLength>
		<index>true</index></column>
		<column>
		<name>title</name>
		<ordinal>2</ordinal>
		<type>VARCHAR</type>
		<typeLength>80</typeLength>
		<index>false</index></column>
		<column>
		<name>notes</name>
		<ordinal>3</ordinal>
		<type>TEXT</type>
		<typeLength>2147483647</typeLength>
		<index>false</index></column>
		<column>
		<name>start_date</name>
		<ordinal>4</ordinal>
		<type>DATETIME</type>
		<typeLength>23</typeLength>
		<index>false</index></column>
		<column>
		<name>due_date</name>
		<ordinal>5</ordinal>
		<type>DATETIME</type>
		<typeLength>23</typeLength>
		<index>false</index></column>
		<column>
		<name>comp_date</name>
		<ordinal>6</ordinal>
		<type>DATETIME</type>
		<typeLength>23</typeLength>
		<index>false</index></column>
		<column>
		<name>active</name>
		<ordinal>7</ordinal>
		<type>TINYINT</type>
		<typeLength>3</typeLength>
		<index>false</index></column>
		<column>
		<name>task_id</name>
		<ordinal>8</ordinal>
		<type>VARCHAR</type>
		<typeLength>25</typeLength>
		<index>false</index></column>
		<column>
		<name>arch_ind</name>
		<ordinal>9</ordinal>
		<type>INT</type>
		<typeLength>10</typeLength>
		<index>false</index></column>
		<column>
		<name>dev</name>
		<ordinal>10</ordinal>
		<type>INT</type>
		<typeLength>10</typeLength>
		<index>false</index></column>
		<column>
		<name>update_stamp</name>
		<ordinal>11</ordinal>
		<type>DATETIME</type>
		<typeLength>23</typeLength>
		<index>false</index></column>
		<column>
		<name>x_rec_create_ts</name>
		<ordinal>12</ordinal>
		<type>DATETIME</type>
		<typeLength>23</typeLength>
		<index>false</index></column>
		<column>
		<name>x_bsns_seg_nm</name>
		<ordinal>13</ordinal>
		<type>VARCHAR</type>
		<typeLength>40</typeLength>
		<index>false</index></column>
		<column>
		<name>x_task_typ</name>
		<ordinal>14</ordinal>
		<type>VARCHAR</type>
		<typeLength>20</typeLength>
		<index>false</index></column>
		<column>
		<name>x_task_subtyp</name>
		<ordinal>15</ordinal>
		<type>VARCHAR</type>
		<typeLength>20</typeLength>
		<index>false</index></column>
		<column>
		<name>task_sts2gbst_elm</name>
		<ordinal>16</ordinal>
		<type>INT</type>
		<typeLength>10</typeLength>
		<index>false</index></column>
		<column>
		<name>task_priority2gbst_elm</name>
		<ordinal>17</ordinal>
		<type>INT</type>
		<typeLength>10</typeLength>
		<index>false</index></column>
		<column>
		<name>type_task2gbst_elm</name>
		<ordinal>18</ordinal>
		<type>INT</type>
		<typeLength>10</typeLength>
		<index>false</index></column>
		<column>
		<name>sm_task2opportunity</name>
		<ordinal>19</ordinal>
		<type>INT</type>
		<typeLength>10</typeLength>
		<index>false</index></column>
		<column>
		<name>task_originator2user</name>
		<ordinal>20</ordinal>
		<type>INT</type>
		<typeLength>10</typeLength>
		<index>false</index></column>
		<column>
		<name>task_owner2user</name>
		<ordinal>21</ordinal>
		<type>INT</type>
		<typeLength>10</typeLength>
		<index>false</index></column>
		<column>
		<name>task2contact</name>
		<ordinal>22</ordinal>
		<type>INT</type>
		<typeLength>10</typeLength>
		<index>false</index></column>
		<column>
		<name>task_gen2cls_factory</name>
		<ordinal>23</ordinal>
		<type>INT</type>
		<typeLength>10</typeLength>
		<index>false</index></column>
		<column>
		<name>task_for2bus_org</name>
		<ordinal>24</ordinal>
		<type>INT</type>
		<typeLength>10</typeLength>
		<index>false</index></column>
		<column>
		<name>task_state2condition</name>
		<ordinal>25</ordinal>
		<type>INT</type>
		<typeLength>10</typeLength>
		<index>false</index></column>
		<column>
		<name>task_wip2wipbin</name>
		<ordinal>26</ordinal>
		<type>INT</type>
		<typeLength>10</typeLength>
		<index>false</index></column>
		<column>
		<name>task_currq2queue</name>
		<ordinal>27</ordinal>
		<type>INT</type>
		<typeLength>10</typeLength>
		<index>false</index></column>
		<column>
		<name>task_prevq2queue</name>
		<ordinal>28</ordinal>
		<type>INT</type>
		<typeLength>10</typeLength>
		<index>false</index></column>
		<column>
		<name>sm_task2contract</name>
		<ordinal>29</ordinal>
		<type>INT</type>
		<typeLength>10</typeLength>
		<index>false</index></column>
		<column>
		<name>task2lit_req</name>
		<ordinal>30</ordinal>
		<type>INT</type>
		<typeLength>10</typeLength>
		<index>false</index></column>
		<column>
		<name>task2lead</name>
		<ordinal>31</ordinal>
		<type>INT</type>
		<typeLength>10</typeLength>
		<index>false</index></column>
		<column>
		<name>task2task_desc</name>
		<ordinal>32</ordinal>
		<type>INT</type>
		<typeLength>10</typeLength>
		<index>false</index></column>
		<column>
		<name>x_task_stor_loc2site</name>
		<ordinal>33</ordinal>
		<type>INT</type>
		<typeLength>10</typeLength>
		<index>false</index></column>
		<column>
		<name>x_cust_frst_auth_ts</name>
		<ordinal>34</ordinal>
		<type>DATETIME</type>
		<typeLength>23</typeLength>
		<index>false</index></column>
		<column>
		<name>x_frst_auth2employee</name>
		<ordinal>35</ordinal>
		<type>INT</type>
		<typeLength>10</typeLength>
		<index>false</index></column>
		<column>
		<name>x_task_mbr2x_custmbr</name>
		<ordinal>36</ordinal>
		<type>INT</type>
		<typeLength>10</typeLength>
		<index>false</index></column></columnList>
		<relationshipList>
		<isPkTable>true</isPkTable>
		<relationship TYPE="USR">
		<name>tab_tab_1578483330037</name>
		<cardinality>null</cardinality>
		<joinList>
		<join>
		<pkTable>table_contact</pkTable>
		<pkColumn>objid</pkColumn>
		<fkTable>table_task</fkTable>
		<fkColumn>task2contact</fkColumn></join></joinList></relationship>
		<relationship TYPE="USR">
		<name>tab_tab_1578483424881</name>
		<cardinality>null</cardinality>
		<joinList>
		<join>
		<pkTable>table_task</pkTable>
		<pkColumn>objid</pkColumn>
		<fkTable>table_x_custfnd</fkTable>
		<fkColumn>x_fund_task2task</fkColumn></join></joinList></relationship></relationshipList></tableMetadata>
<tableMetadata>
		<name>table_x_custfnd</name>
		<recordCount>10000</recordCount>
		<columnList>
		<column>
		<name>objid</name>
		<ordinal>1</ordinal>
		<type>INT</type>
		<typeLength>10</typeLength>
		<index>true</index></column>
		<column>
		<name>dev</name>
		<ordinal>2</ordinal>
		<type>INT</type>
		<typeLength>10</typeLength>
		<index>false</index></column>
		<column>
		<name>x_cust_fund_stat</name>
		<ordinal>3</ordinal>
		<type>VARCHAR</type>
		<typeLength>25</typeLength>
		<index>false</index></column>
		<column>
		<name>x_cust_fund_amt</name>
		<ordinal>4</ordinal>
		<type>DECIMAL</type>
		<typeLength>9</typeLength>
		<index>false</index></column>
		<column>
		<name>x_cust_fund_auth1_ts</name>
		<ordinal>5</ordinal>
		<type>DATETIME</type>
		<typeLength>23</typeLength>
		<index>false</index></column>
		<column>
		<name>x_cr_fund_ackn_nbr</name>
		<ordinal>6</ordinal>
		<type>VARCHAR</type>
		<typeLength>16</typeLength>
		<index>false</index></column>
		<column>
		<name>x_fund_chk_nbr</name>
		<ordinal>7</ordinal>
		<type>VARCHAR</type>
		<typeLength>10</typeLength>
		<index>false</index></column>
		<column>
		<name>x_crcard_acct_id</name>
		<ordinal>8</ordinal>
		<type>VARCHAR</type>
		<typeLength>24</typeLength>
		<index>false</index></column>
		<column>
		<name>x_rep_use_alt_nm</name>
		<ordinal>9</ordinal>
		<type>VARCHAR</type>
		<typeLength>50</typeLength>
		<index>false</index></column>
		<column>
		<name>x_prod_ser_nbr</name>
		<ordinal>10</ordinal>
		<type>VARCHAR</type>
		<typeLength>30</typeLength>
		<index>false</index></column>
		<column>
		<name>x_gl_coa_loc_id</name>
		<ordinal>11</ordinal>
		<type>VARCHAR</type>
		<typeLength>10</typeLength>
		<index>false</index></column>
		<column>
		<name>x_gl_coa_acct_id</name>
		<ordinal>12</ordinal>
		<type>VARCHAR</type>
		<typeLength>10</typeLength>
		<index>false</index></column>
		<column>
		<name>x_gl_coa_centr_id</name>
		<ordinal>13</ordinal>
		<type>VARCHAR</type>
		<typeLength>10</typeLength>
		<index>false</index></column>
		<column>
		<name>x_gl_coa_class_id</name>
		<ordinal>14</ordinal>
		<type>VARCHAR</type>
		<typeLength>10</typeLength>
		<index>false</index></column>
		<column>
		<name>x_gl_coa_affil_co_id</name>
		<ordinal>15</ordinal>
		<type>VARCHAR</type>
		<typeLength>10</typeLength>
		<index>false</index></column>
		<column>
		<name>x_gl_coa_future_id</name>
		<ordinal>16</ordinal>
		<type>VARCHAR</type>
		<typeLength>10</typeLength>
		<index>false</index></column>
		<column>
		<name>x_rec_create_ts</name>
		<ordinal>17</ordinal>
		<type>DATETIME</type>
		<typeLength>23</typeLength>
		<index>false</index></column>
		<column>
		<name>x_gl_coa_co_id</name>
		<ordinal>18</ordinal>
		<type>VARCHAR</type>
		<typeLength>10</typeLength>
		<index>false</index></column>
		<column>
		<name>x_foodsp_cust_comm_txt</name>
		<ordinal>19</ordinal>
		<type>VARCHAR</type>
		<typeLength>255</typeLength>
		<index>false</index></column>
		<column>
		<name>x_foodsp_note_txt</name>
		<ordinal>20</ordinal>
		<type>VARCHAR</type>
		<typeLength>4000</typeLength>
		<index>false</index></column>
		<column>
		<name>x_cust_fund_auth2_ts</name>
		<ordinal>21</ordinal>
		<type>DATETIME</type>
		<typeLength>23</typeLength>
		<index>false</index></column>
		<column>
		<name>x_crcard_acct_typ</name>
		<ordinal>22</ordinal>
		<type>VARCHAR</type>
		<typeLength>20</typeLength>
		<index>false</index></column>
		<column>
		<name>x_crcard_acct_exp_mth</name>
		<ordinal>23</ordinal>
		<type>INT</type>
		<typeLength>10</typeLength>
		<index>false</index></column>
		<column>
		<name>x_crcard_acct_exp_yr</name>
		<ordinal>24</ordinal>
		<type>INT</type>
		<typeLength>10</typeLength>
		<index>false</index></column>
		<column>
		<name>x_fund_reasn_desc</name>
		<ordinal>25</ordinal>
		<type>VARCHAR</type>
		<typeLength>255</typeLength>
		<index>false</index></column>
		<column>
		<name>x_chrg_dept_nm</name>
		<ordinal>26</ordinal>
		<type>VARCHAR</type>
		<typeLength>25</typeLength>
		<index>false</index></column>
		<column>
		<name>x_foodsp_prod_purch_dt</name>
		<ordinal>27</ordinal>
		<type>DATETIME</type>
		<typeLength>23</typeLength>
		<index>false</index></column>
		<column>
		<name>x_relatd_obj_typ</name>
		<ordinal>28</ordinal>
		<type>VARCHAR</type>
		<typeLength>20</typeLength>
		<index>false</index></column>
		<column>
		<name>x_relatd_obj_id_number</name>
		<ordinal>29</ordinal>
		<type>VARCHAR</type>
		<typeLength>255</typeLength>
		<index>false</index></column>
		<column>
		<name>x_svc_ord_part_amt</name>
		<ordinal>30</ordinal>
		<type>DECIMAL</type>
		<typeLength>10</typeLength>
		<index>false</index></column>
		<column>
		<name>x_svc_ord_lbr_amt</name>
		<ordinal>31</ordinal>
		<type>DECIMAL</type>
		<typeLength>10</typeLength>
		<index>false</index></column>
		<column>
		<name>x_cust_fund_batch_nm</name>
		<ordinal>32</ordinal>
		<type>VARCHAR</type>
		<typeLength>20</typeLength>
		<index>false</index></column>
		<column>
		<name>x_fund_case2case</name>
		<ordinal>33</ordinal>
		<type>INT</type>
		<typeLength>10</typeLength>
		<index>false</index></column>
		<column>
		<name>x_auth1_fund2employee</name>
		<ordinal>34</ordinal>
		<type>INT</type>
		<typeLength>10</typeLength>
		<index>false</index></column>
		<column>
		<name>x_auth2_fund2employee</name>
		<ordinal>35</ordinal>
		<type>INT</type>
		<typeLength>10</typeLength>
		<index>false</index></column>
		<column>
		<name>x_fund_rqst2employee</name>
		<ordinal>36</ordinal>
		<type>INT</type>
		<typeLength>10</typeLength>
		<index>false</index></column>
		<column>
		<name>x_fund_task2task</name>
		<ordinal>37</ordinal>
		<type>INT</type>
		<typeLength>10</typeLength>
		<index>false</index></column>
		<column>
		<name>x_fnd_psp_tr2x_custptr</name>
		<ordinal>38</ordinal>
		<type>INT</type>
		<typeLength>10</typeLength>
		<index>false</index></column>
		<column>
		<name>x_fnd_sls_tr2x_slsttrn</name>
		<ordinal>39</ordinal>
		<type>INT</type>
		<typeLength>10</typeLength>
		<index>false</index></column>
		<column>
		<name>x_adj_mbr_id</name>
		<ordinal>40</ordinal>
		<type>VARCHAR</type>
		<typeLength>25</typeLength>
		<index>false</index></column>
		<column>
		<name>x_cust_adj_pnt_qty</name>
		<ordinal>41</ordinal>
		<type>INT</type>
		<typeLength>10</typeLength>
		<index>false</index></column>
		<column>
		<name>x_cust_adj_reasn_cde</name>
		<ordinal>42</ordinal>
		<type>VARCHAR</type>
		<typeLength>40</typeLength>
		<index>false</index></column>
		<column>
		<name>x_cust_fund_offr_txt</name>
		<ordinal>43</ordinal>
		<type>VARCHAR</type>
		<typeLength>255</typeLength>
		<index>false</index></column>
		<column>
		<name>x_file_prcs_cmplt_ts</name>
		<ordinal>44</ordinal>
		<type>DATETIME</type>
		<typeLength>23</typeLength>
		<index>false</index></column>
		<column>
		<name>x_file_prcs_sent_ts</name>
		<ordinal>45</ordinal>
		<type>DATETIME</type>
		<typeLength>23</typeLength>
		<index>false</index></column>
		<column>
		<name>x_cmbn_mbr_id</name>
		<ordinal>46</ordinal>
		<type>VARCHAR</type>
		<typeLength>16</typeLength>
		<index>false</index></column>
		<column>
		<name>x_cust_fund_adj_amt</name>
		<ordinal>47</ordinal>
		<type>DECIMAL</type>
		<typeLength>9</typeLength>
		<index>false</index></column>
		<column>
		<name>x_crtrct_fnd_flg</name>
		<ordinal>48</ordinal>
		<type>INT</type>
		<typeLength>10</typeLength>
		<index>false</index></column>
		<column>
		<name>x_cust_fund_tax</name>
		<ordinal>49</ordinal>
		<type>DECIMAL</type>
		<typeLength>7</typeLength>
		<index>false</index></column>
		<column>
		<name>x_sent_ocis_flg</name>
		<ordinal>50</ordinal>
		<type>INT</type>
		<typeLength>10</typeLength>
		<index>false</index></column>
		<column>
		<name>x_conn_acct_id</name>
		<ordinal>51</ordinal>
		<type>VARCHAR</type>
		<typeLength>20</typeLength>
		<index>false</index></column>
		<column>
		<name>x_conn_rfnd_typ</name>
		<ordinal>52</ordinal>
		<type>VARCHAR</type>
		<typeLength>1</typeLength>
		<index>false</index></column>
		<column>
		<name>x_addl_crtct_fnd_amt</name>
		<ordinal>53</ordinal>
		<type>DECIMAL</type>
		<typeLength>9</typeLength>
		<index>false</index></column>
		<column>
		<name>x_ocis_crtct_id</name>
		<ordinal>54</ordinal>
		<type>VARCHAR</type>
		<typeLength>50</typeLength>
		<index>false</index></column>
		<column>
		<name>x_prod_fnd_amt</name>
		<ordinal>55</ordinal>
		<type>DECIMAL</type>
		<typeLength>9</typeLength>
		<index>false</index></column>
		<column>
		<name>x_acct_cat</name>
		<ordinal>56</ordinal>
		<type>VARCHAR</type>
		<typeLength>30</typeLength>
		<index>false</index></column>
		<column>
		<name>x_acct_sub_cat</name>
		<ordinal>57</ordinal>
		<type>VARCHAR</type>
		<typeLength>30</typeLength>
		<index>false</index></column>
		<column>
		<name>x_fnd_type</name>
		<ordinal>58</ordinal>
		<type>VARCHAR</type>
		<typeLength>30</typeLength>
		<index>false</index></column>
		<column>
		<name>x_send_for_claim_flg</name>
		<ordinal>59</ordinal>
		<type>TINYINT</type>
		<typeLength>3</typeLength>
		<index>false</index></column>
		<column>
		<name>x_tpa_desc</name>
		<ordinal>60</ordinal>
		<type>VARCHAR</type>
		<typeLength>35</typeLength>
		<index>false</index></column>
		<column>
		<name>x_partial_rfnd</name>
		<ordinal>61</ordinal>
		<type>TINYINT</type>
		<typeLength>3</typeLength>
		<index>false</index></column>
		<column>
		<name>x_fnd_crt_build_ver</name>
		<ordinal>62</ordinal>
		<type>VARCHAR</type>
		<typeLength>10</typeLength>
		<index>false</index></column></columnList>
		<relationshipList>
		<isPkTable>true</isPkTable>
		<relationship TYPE="USR">
		<name>tab_tab_1578483424881</name>
		<cardinality>null</cardinality>
		<joinList>
		<join>
		<pkTable>table_task</pkTable>
		<pkColumn>objid</pkColumn>
		<fkTable>table_x_custfnd</fkTable>
		<fkColumn>x_fund_task2task</fkColumn></join></joinList></relationship></relationshipList></tableMetadata></tableMetadataList>
</schemaMetadata></schemaMetadataList></metadata>