<?xml version='1.0' encoding='UTF-8'?>
<metadata DBS="SQL" HOST="13.232.29.238" PORT="1433" DATABASE="sample" SCHEMA="Sprockets" FULLORSELECTED="FULL" SELECTED="">
		<caseSensitive>false</caseSensitive>
		<defaultSchema>Sprockets</defaultSchema>
		<validatingOnIngest>false</validatingOnIngest>
		<locale>en-US</locale>
		<schemaMetadataList>
		<schemaMetadata>
		<name>Sprockets</name>
		<tableCount>5</tableCount>
		<tableMetadataList>
<tableMetadata>
		<name>BELCHAR</name>
		<recordCount>9</recordCount>
		<columnList>
		<column>
		<name>case_num</name>
		<ordinal>1</ordinal>
		<type>INT</type>
		<typeLength>10</typeLength>
		<index>false</index></column>
		<column>
		<name>case_details</name>
		<ordinal>2</ordinal>
		<type>VARCHAR</type>
		<typeLength>1</typeLength>
		<index>false</index></column>
		<column>
		<name>case_history</name>
		<ordinal>3</ordinal>
		<type>TEXT</type>
		<typeLength>2147483647</typeLength>
		<index>false</index></column></columnList>
		<relationshipList>
		<isPkTable>true</isPkTable></relationshipList></tableMetadata>
<tableMetadata>
		<name>DIMDATE2</name>
		<recordCount>0</recordCount>
		<columnList>
		<column>
		<name>"Date"</name>
		<ordinal>1</ordinal>
		<type>DATETIME</type>
		<typeLength>23</typeLength>
		<index>false</index></column>
		<column>
		<name>"Day"</name>
		<ordinal>2</ordinal>
		<type>INT</type>
		<typeLength>10</typeLength>
		<index>false</index></column>
		<column>
		<name>"Month"</name>
		<ordinal>3</ordinal>
		<type>INT</type>
		<typeLength>10</typeLength>
		<index>false</index></column>
		<column>
		<name>"Year"</name>
		<ordinal>4</ordinal>
		<type>INT</type>
		<typeLength>10</typeLength>
		<index>false</index></column>
		<column>
		<name>DateID</name>
		<ordinal>5</ordinal>
		<type>INT</type>
		<typeLength>10</typeLength>
		<index>true</index></column></columnList>
		<relationshipList>
		<isPkTable>true</isPkTable></relationshipList></tableMetadata>
<tableMetadata>
		<name>NineProngs</name>
		<recordCount>2</recordCount>
		<columnList>
		<column>
		<name>source</name>
		<ordinal>1</ordinal>
		<type>INT</type>
		<typeLength>10</typeLength>
		<index>false</index></column>
		<column>
		<name>cost</name>
		<ordinal>2</ordinal>
		<type>INT</type>
		<typeLength>10</typeLength>
		<index>false</index></column>
		<column>
		<name>partnumber</name>
		<ordinal>3</ordinal>
		<type>INT</type>
		<typeLength>10</typeLength>
		<index>false</index></column></columnList>
		<relationshipList>
		<isPkTable>true</isPkTable></relationshipList></tableMetadata>
<tableMetadata>
		<name>stores</name>
		<recordCount>2</recordCount>
		<columnList>
		<column>
		<name>store_id</name>
		<ordinal>1</ordinal>
		<type>INT</type>
		<typeLength>10</typeLength>
		<index>true</index></column>
		<column>
		<name>store_name</name>
		<ordinal>2</ordinal>
		<type>VARCHAR</type>
		<typeLength>50</typeLength>
		<index>false</index></column>
		<column>
		<name>phone</name>
		<ordinal>3</ordinal>
		<type>VARCHAR</type>
		<typeLength>20</typeLength>
		<index>false</index></column>
		<column>
		<name>store_type</name>
		<ordinal>4</ordinal>
		<type>VARCHAR</type>
		<typeLength>50</typeLength>
		<index>false</index></column></columnList>
		<relationshipList>
		<isPkTable>true</isPkTable>
		<relationship TYPE="SYS">
		<name>FK__visits__store_id__31B762FC</name>
		<cardinality>NA</cardinality>
		<joinList>
		<join>
		<pkTable>stores</pkTable>
		<pkColumn>store_id</pkColumn>
		<fkTable>visits</fkTable>
		<fkColumn>store_id</fkColumn></join></joinList></relationship></relationshipList></tableMetadata>
<tableMetadata>
		<name>visits</name>
		<recordCount>2</recordCount>
		<columnList>
		<column>
		<name>visit_id</name>
		<ordinal>1</ordinal>
		<type>INT</type>
		<typeLength>10</typeLength>
		<index>true</index></column>
		<column>
		<name>first_name</name>
		<ordinal>2</ordinal>
		<type>VARCHAR</type>
		<typeLength>50</typeLength>
		<index>false</index></column>
		<column>
		<name>last_name</name>
		<ordinal>3</ordinal>
		<type>VARCHAR</type>
		<typeLength>50</typeLength>
		<index>false</index></column>
		<column>
		<name>visited_at</name>
		<ordinal>4</ordinal>
		<type>DATETIME</type>
		<typeLength>23</typeLength>
		<index>false</index></column>
		<column>
		<name>phone</name>
		<ordinal>5</ordinal>
		<type>VARCHAR</type>
		<typeLength>20</typeLength>
		<index>false</index></column>
		<column>
		<name>store_id</name>
		<ordinal>6</ordinal>
		<type>INT</type>
		<typeLength>10</typeLength>
		<index>true</index></column></columnList>
		<relationshipList>
		<isPkTable>true</isPkTable>
		<relationship TYPE="SYS">
		<name>FK__visits__store_id__31B762FC</name>
		<cardinality>NA</cardinality>
		<joinList>
		<join>
		<pkTable>stores</pkTable>
		<pkColumn>store_id</pkColumn>
		<fkTable>visits</fkTable>
		<fkColumn>store_id</fkColumn></join></joinList></relationship></relationshipList></tableMetadata></tableMetadataList>
</schemaMetadata></schemaMetadataList></metadata>