<?xml version="1.0" encoding="UTF-8"?>
<metadata DBS="MYSQL" HOST="localhost" PORT="3306" DATABASE="claims_sys" SCHEMA="claims_sys" FULLORSELECTED="FULL" SELECTED="">
   <caseSensitive>false</caseSensitive>
   <defaultSchema>claims_sys</defaultSchema>
   <validatingOnIngest>false</validatingOnIngest>
   <locale>en-US</locale>
   <schemaMetadataList>
      <schemaMetadata>
         <name>claims_sys</name>
         <tableCount>9</tableCount>
         <tableMetadataList>
            <tableMetadata>
               <name>address</name>
               <recordCount>78</recordCount>
               <columnList>
                  <column>
                     <name>ADDR_ID</name>
                     <ordinal>1</ordinal>
                     <type>INTEGER</type>
                     <typeLength>10</typeLength>
                     <index>true</index>
                  </column>
                  <column>
                     <name>IS_PROV</name>
                     <ordinal>2</ordinal>
                     <type>BOOLEAN</type>
                     <typeLength>1</typeLength>
                     <index>false</index>
                  </column>
                  <column>
                     <name>ADDR_TYPE</name>
                     <ordinal>3</ordinal>
                     <type>VARCHAR</type>
                     <typeLength>1</typeLength>
                     <index>true</index>
                  </column>
                  <column>
                     <name>ADDRESS</name>
                     <ordinal>4</ordinal>
                     <type>VARCHAR</type>
                     <typeLength>255</typeLength>
                     <index>false</index>
                  </column>
                  <column>
                     <name>CITY</name>
                     <ordinal>5</ordinal>
                     <type>VARCHAR</type>
                     <typeLength>40</typeLength>
                     <index>false</index>
                  </column>
                  <column>
                     <name>STATE</name>
                     <ordinal>6</ordinal>
                     <type>VARCHAR</type>
                     <typeLength>2</typeLength>
                     <index>false</index>
                  </column>
                  <column>
                     <name>ZIP</name>
                     <ordinal>7</ordinal>
                     <type>INTEGER</type>
                     <typeLength>10</typeLength>
                     <index>false</index>
                  </column>
                  <column>
                     <name>PHONE</name>
                     <ordinal>8</ordinal>
                     <type>VARCHAR</type>
                     <typeLength>14</typeLength>
                     <index>false</index>
                  </column>
                  <column>
                     <name>FAX</name>
                     <ordinal>9</ordinal>
                     <type>VARCHAR</type>
                     <typeLength>14</typeLength>
                     <index>false</index>
                  </column>
                  <column>
                     <name>EMAIL</name>
                     <ordinal>10</ordinal>
                     <type>VARCHAR</type>
                     <typeLength>255</typeLength>
                     <index>false</index>
                  </column>
               </columnList>
               <relationshipList>
                  <relationship>
                     <name>ADDR_1</name>
                     <cardinality>(0..many)</cardinality>
                     <joinList>
                        <join>
                           <isPkTable>true</isPkTable>
                           <pkTable>address</pkTable>
                           <pkColumn>ADDR_ID</pkColumn>
                           <fkTable>member</fkTable>
                           <fkColumn>ADDR_ID</fkColumn>
                        </join>
                        <join>
                           <isPkTable>true</isPkTable>
                           <pkTable>address</pkTable>
                           <pkColumn>ADDR_TYPE</pkColumn>
                           <fkTable>member</fkTable>
                           <fkColumn>PRIMARY_ADDR_TYPE</fkColumn>
                        </join>
                     </joinList>
                  </relationship>
                  <relationship>
                     <name>ADDR_3</name>
                     <cardinality>(0..many)</cardinality>
                     <joinList>
                        <join>
                           <isPkTable>true</isPkTable>
                           <pkTable>address</pkTable>
                           <pkColumn>ADDR_ID</pkColumn>
                           <fkTable>provider</fkTable>
                           <fkColumn>ADDR_ID</fkColumn>
                        </join>
                        <join>
                           <isPkTable>true</isPkTable>
                           <pkTable>address</pkTable>
                           <pkColumn>ADDR_TYPE</pkColumn>
                           <fkTable>provider</fkTable>
                           <fkColumn>PRIMARY_ADDR_TYPE</fkColumn>
                        </join>
                     </joinList>
                  </relationship>
                  <relationship>
                     <name>ADDR_4</name>
                     <cardinality>(0..many)</cardinality>
                     <joinList>
                        <join>
                           <isPkTable>true</isPkTable>
                           <pkTable>address</pkTable>
                           <pkColumn>ADDR_ID</pkColumn>
                           <fkTable>provider</fkTable>
                           <fkColumn>ADDR_ID</fkColumn>
                        </join>
                        <join>
                           <isPkTable>true</isPkTable>
                           <pkTable>address</pkTable>
                           <pkColumn>ADDR_TYPE</pkColumn>
                           <fkTable>provider</fkTable>
                           <fkColumn>SECONDARY_ADDR_TYPE</fkColumn>
                        </join>
                     </joinList>
                  </relationship>
                  <relationship>
                     <name>ADDRE_2</name>
                     <cardinality>(0..many)</cardinality>
                     <joinList>
                        <join>
                           <isPkTable>true</isPkTable>
                           <pkTable>address</pkTable>
                           <pkColumn>ADDR_ID</pkColumn>
                           <fkTable>member</fkTable>
                           <fkColumn>ADDR_ID</fkColumn>
                        </join>
                        <join>
                           <isPkTable>true</isPkTable>
                           <pkTable>address</pkTable>
                           <pkColumn>ADDR_TYPE</pkColumn>
                           <fkTable>member</fkTable>
                           <fkColumn>SECONDARY_ADDR_TYPE</fkColumn>
                        </join>
                     </joinList>
                  </relationship>
               </relationshipList>
            </tableMetadata>
            <tableMetadata>
               <name>BLOBTEST</name>
               <recordCount>3</recordCount>
               <columnList>
                  <column>
                     <name>EMPID</name>
                     <ordinal>1</ordinal>
                     <type>INTEGER</type>
                     <typeLength>10</typeLength>
                     <index>false</index>
                  </column>
                  <column>
                     <name>FILE_EXT</name>
                     <ordinal>2</ordinal>
                     <type>LONG</type>
                     <typeLength>65535</typeLength>
                     <index>false</index>
                  </column>
                  <column>
                     <name>VERSION</name>
                     <ordinal>3</ordinal>
                     <type>INTEGER</type>
                     <typeLength>10</typeLength>
                     <index>false</index>
                  </column>
                  <column>
                     <name>FILE_NAME</name>
                     <ordinal>4</ordinal>
                     <type>LONG</type>
                     <typeLength>65535</typeLength>
                     <index>false</index>
                  </column>
                  <column>
                     <name>BLOB_COLUMN</name>
                     <ordinal>5</ordinal>
                     <type>LONG</type>
                     <typeLength>65535</typeLength>
                     <index>false</index>
                  </column>
               </columnList>
            </tableMetadata>
            <tableMetadata>
               <name>claim</name>
               <recordCount>35</recordCount>
               <columnList>
                  <column>
                     <name>CLAIM_ID</name>
                     <ordinal>1</ordinal>
                     <type>INTEGER</type>
                     <typeLength>10</typeLength>
                     <index>true</index>
                  </column>
                  <column>
                     <name>CLAIM_STATUS</name>
                     <ordinal>2</ordinal>
                     <type>VARCHAR</type>
                     <typeLength>30</typeLength>
                     <index>false</index>
                  </column>
                  <column>
                     <name>SUB_ID</name>
                     <ordinal>3</ordinal>
                     <type>INTEGER</type>
                     <typeLength>10</typeLength>
                     <index>true</index>
                  </column>
                  <column>
                     <name>MEM_ID</name>
                     <ordinal>4</ordinal>
                     <type>INTEGER</type>
                     <typeLength>10</typeLength>
                     <index>true</index>
                  </column>
                  <column>
                     <name>MEM_REL</name>
                     <ordinal>5</ordinal>
                     <type>VARCHAR</type>
                     <typeLength>1</typeLength>
                     <index>true</index>
                  </column>
                  <column>
                     <name>ADM_FROM_DATE</name>
                     <ordinal>6</ordinal>
                     <type>DATETIME</type>
                     <typeLength>26</typeLength>
                     <index>false</index>
                  </column>
                  <column>
                     <name>ADM_TO_DATE</name>
                     <ordinal>11</ordinal>
                     <type>DATETIME</type>
                     <typeLength>26</typeLength>
                     <index>false</index>
                  </column>
                  <column>
                     <name>DAYS</name>
                     <ordinal>16</ordinal>
                     <type>INTEGER</type>
                     <typeLength>10</typeLength>
                     <index>false</index>
                  </column>
                  <column>
                     <name>PROV_ID</name>
                     <ordinal>17</ordinal>
                     <type>INTEGER</type>
                     <typeLength>10</typeLength>
                     <index>true</index>
                  </column>
                  <column>
                     <name>IS_LATE_FILED</name>
                     <ordinal>18</ordinal>
                     <type>BOOLEAN</type>
                     <typeLength>1</typeLength>
                     <index>false</index>
                  </column>
               </columnList>
               <relationshipList>
                  <relationship>
                     <name>CL_LINES</name>
                     <cardinality>(0..many)</cardinality>
                     <joinList>
                        <join>
                           <isPkTable>false</isPkTable>
                           <pkTable>claim_lines</pkTable>
                           <pkColumn>CLAIM_ID</pkColumn>
                           <fkTable>claim</fkTable>
                           <fkColumn>CLAIM_ID</fkColumn>
                        </join>
                     </joinList>
                  </relationship>
                  <relationship>
                     <name>MEM</name>
                     <cardinality>(0..many)</cardinality>
                     <joinList>
                        <join>
                           <isPkTable>false</isPkTable>
                           <pkTable>member</pkTable>
                           <pkColumn>MEM_ID</pkColumn>
                           <fkTable>claim</fkTable>
                           <fkColumn>MEM_ID</fkColumn>
                        </join>
                     </joinList>
                  </relationship>
                  <relationship>
                     <name>PROV</name>
                     <cardinality>(0..many)</cardinality>
                     <joinList>
                        <join>
                           <isPkTable>false</isPkTable>
                           <pkTable>provider</pkTable>
                           <pkColumn>PROV_ID</pkColumn>
                           <fkTable>claim</fkTable>
                           <fkColumn>PROV_ID</fkColumn>
                        </join>
                     </joinList>
                  </relationship>
                  <relationship>
                     <name>SUB</name>
                     <cardinality>(0..many)</cardinality>
                     <joinList>
                        <join>
                           <isPkTable>false</isPkTable>
                           <pkTable>subscriber</pkTable>
                           <pkColumn>SUB_ID</pkColumn>
                           <fkTable>claim</fkTable>
                           <fkColumn>SUB_ID</fkColumn>
                        </join>
                     </joinList>
                  </relationship>
               </relationshipList>
            </tableMetadata>
            <tableMetadata>
               <name>claim_lines</name>
               <recordCount>54</recordCount>
               <columnList>
                  <column>
                     <name>CLAIM_ID</name>
                     <ordinal>1</ordinal>
                     <type>INTEGER</type>
                     <typeLength>10</typeLength>
                     <index>true</index>
                  </column>
                  <column>
                     <name>CLAIM_GEN</name>
                     <ordinal>2</ordinal>
                     <type>INTEGER</type>
                     <typeLength>10</typeLength>
                     <index>true</index>
                  </column>
                  <column>
                     <name>CLAIM_ADJ_DATE</name>
                     <ordinal>3</ordinal>
                     <type>DATETIME</type>
                     <typeLength>26</typeLength>
                     <index>false</index>
                  </column>
                  <column>
                     <name>DX_CODE</name>
                     <ordinal>8</ordinal>
                     <type>INTEGER</type>
                     <typeLength>10</typeLength>
                     <index>true</index>
                  </column>
                  <column>
                     <name>PROC_CODE</name>
                     <ordinal>9</ordinal>
                     <type>INTEGER</type>
                     <typeLength>10</typeLength>
                     <index>true</index>
                  </column>
                  <column>
                     <name>CHARGES</name>
                     <ordinal>10</ordinal>
                     <type>DECIMAL</type>
                     <typeLength>10</typeLength>
                     <index>false</index>
                  </column>
               </columnList>
               <relationshipList>
                  <relationship>
                     <name>CL_LINES</name>
                     <cardinality>(0..many)</cardinality>
                     <joinList>
                        <join>
                           <isPkTable>true</isPkTable>
                           <pkTable>claim_lines</pkTable>
                           <pkColumn>CLAIM_ID</pkColumn>
                           <fkTable>claim</fkTable>
                           <fkColumn>CLAIM_ID</fkColumn>
                        </join>
                     </joinList>
                  </relationship>
                  <relationship>
                     <name>DX_CODE</name>
                     <cardinality>(0..many)</cardinality>
                     <joinList>
                        <join>
                           <isPkTable>false</isPkTable>
                           <pkTable>dx_code</pkTable>
                           <pkColumn>DX_CODE</pkColumn>
                           <fkTable>claim_lines</fkTable>
                           <fkColumn>DX_CODE</fkColumn>
                        </join>
                     </joinList>
                  </relationship>
                  <relationship>
                     <name>PROC_CODE</name>
                     <cardinality>(0..many)</cardinality>
                     <joinList>
                        <join>
                           <isPkTable>false</isPkTable>
                           <pkTable>proc_code</pkTable>
                           <pkColumn>PROC_CODE</pkColumn>
                           <fkTable>claim_lines</fkTable>
                           <fkColumn>PROC_CODE</fkColumn>
                        </join>
                     </joinList>
                  </relationship>
               </relationshipList>
            </tableMetadata>
            <tableMetadata>
               <name>dx_code</name>
               <recordCount>100</recordCount>
               <columnList>
                  <column>
                     <name>DX_CODE</name>
                     <ordinal>1</ordinal>
                     <type>INTEGER</type>
                     <typeLength>10</typeLength>
                     <index>true</index>
                  </column>
                  <column>
                     <name>DX_DESC</name>
                     <ordinal>2</ordinal>
                     <type>VARCHAR</type>
                     <typeLength>1000</typeLength>
                     <index>false</index>
                  </column>
               </columnList>
               <relationshipList>
                  <relationship>
                     <name>DX_CODE</name>
                     <cardinality>(0..many)</cardinality>
                     <joinList>
                        <join>
                           <isPkTable>true</isPkTable>
                           <pkTable>dx_code</pkTable>
                           <pkColumn>DX_CODE</pkColumn>
                           <fkTable>claim_lines</fkTable>
                           <fkColumn>DX_CODE</fkColumn>
                        </join>
                     </joinList>
                  </relationship>
               </relationshipList>
            </tableMetadata>
            <tableMetadata>
               <name>member</name>
               <recordCount>56</recordCount>
               <columnList>
                  <column>
                     <name>MEM_ID</name>
                     <ordinal>1</ordinal>
                     <type>INTEGER</type>
                     <typeLength>10</typeLength>
                     <index>true</index>
                  </column>
                  <column>
                     <name>SUB_ID</name>
                     <ordinal>2</ordinal>
                     <type>INTEGER</type>
                     <typeLength>10</typeLength>
                     <index>true</index>
                  </column>
                  <column>
                     <name>MEM_FIRST_NAME</name>
                     <ordinal>3</ordinal>
                     <type>VARCHAR</type>
                     <typeLength>255</typeLength>
                     <index>false</index>
                  </column>
                  <column>
                     <name>MEM_LAST_NAME</name>
                     <ordinal>4</ordinal>
                     <type>VARCHAR</type>
                     <typeLength>255</typeLength>
                     <index>false</index>
                  </column>
                  <column>
                     <name>MEM_REL</name>
                     <ordinal>5</ordinal>
                     <type>VARCHAR</type>
                     <typeLength>1</typeLength>
                     <index>false</index>
                  </column>
                  <column>
                     <name>MEM_SEX</name>
                     <ordinal>6</ordinal>
                     <type>VARCHAR</type>
                     <typeLength>1</typeLength>
                     <index>false</index>
                  </column>
                  <column>
                     <name>MEM_DOB</name>
                     <ordinal>7</ordinal>
                     <type>DATETIME</type>
                     <typeLength>26</typeLength>
                     <index>false</index>
                  </column>
                  <column>
                     <name>FAMILY_LINK_ID</name>
                     <ordinal>12</ordinal>
                     <type>INTEGER</type>
                     <typeLength>10</typeLength>
                     <index>false</index>
                  </column>
                  <column>
                     <name>ADDR_ID</name>
                     <ordinal>13</ordinal>
                     <type>INTEGER</type>
                     <typeLength>10</typeLength>
                     <index>true</index>
                  </column>
                  <column>
                     <name>IS_SUB</name>
                     <ordinal>14</ordinal>
                     <type>BOOLEAN</type>
                     <typeLength>1</typeLength>
                     <index>false</index>
                  </column>
                  <column>
                     <name>PRIMARY_ADDR_TYPE</name>
                     <ordinal>15</ordinal>
                     <type>VARCHAR</type>
                     <typeLength>1</typeLength>
                     <index>true</index>
                  </column>
                  <column>
                     <name>SECONDARY_ADDR_TYPE</name>
                     <ordinal>16</ordinal>
                     <type>VARCHAR</type>
                     <typeLength>1</typeLength>
                     <index>true</index>
                  </column>
               </columnList>
               <relationshipList>
                  <relationship>
                     <name>ADDR_1</name>
                     <cardinality>(0..many)</cardinality>
                     <joinList>
                        <join>
                           <isPkTable>false</isPkTable>
                           <pkTable>address</pkTable>
                           <pkColumn>ADDR_ID</pkColumn>
                           <fkTable>member</fkTable>
                           <fkColumn>ADDR_ID</fkColumn>
                        </join>
                        <join>
                           <isPkTable>false</isPkTable>
                           <pkTable>address</pkTable>
                           <pkColumn>ADDR_TYPE</pkColumn>
                           <fkTable>member</fkTable>
                           <fkColumn>PRIMARY_ADDR_TYPE</fkColumn>
                        </join>
                     </joinList>
                  </relationship>
                  <relationship>
                     <name>ADDRE_2</name>
                     <cardinality>(0..many)</cardinality>
                     <joinList>
                        <join>
                           <isPkTable>false</isPkTable>
                           <pkTable>address</pkTable>
                           <pkColumn>ADDR_ID</pkColumn>
                           <fkTable>member</fkTable>
                           <fkColumn>ADDR_ID</fkColumn>
                        </join>
                        <join>
                           <isPkTable>false</isPkTable>
                           <pkTable>address</pkTable>
                           <pkColumn>ADDR_TYPE</pkColumn>
                           <fkTable>member</fkTable>
                           <fkColumn>SECONDARY_ADDR_TYPE</fkColumn>
                        </join>
                     </joinList>
                  </relationship>
                  <relationship>
                     <name>MEM</name>
                     <cardinality>(0..many)</cardinality>
                     <joinList>
                        <join>
                           <isPkTable>true</isPkTable>
                           <pkTable>member</pkTable>
                           <pkColumn>MEM_ID</pkColumn>
                           <fkTable>claim</fkTable>
                           <fkColumn>MEM_ID</fkColumn>
                        </join>
                     </joinList>
                  </relationship>
                  <relationship>
                     <name>member_ibfk_1</name>
                     <cardinality>(0..many)</cardinality>
                     <joinList>
                        <join>
                           <isPkTable>false</isPkTable>
                           <pkTable>subscriber</pkTable>
                           <pkColumn>SUB_ID</pkColumn>
                           <fkTable>member</fkTable>
                           <fkColumn>SUB_ID</fkColumn>
                        </join>
                     </joinList>
                  </relationship>
               </relationshipList>
            </tableMetadata>
            <tableMetadata>
               <name>proc_code</name>
               <recordCount>100</recordCount>
               <columnList>
                  <column>
                     <name>PROC_CODE</name>
                     <ordinal>1</ordinal>
                     <type>INTEGER</type>
                     <typeLength>10</typeLength>
                     <index>true</index>
                  </column>
                  <column>
                     <name>PROC_DESC</name>
                     <ordinal>2</ordinal>
                     <type>VARCHAR</type>
                     <typeLength>1000</typeLength>
                     <index>false</index>
                  </column>
               </columnList>
               <relationshipList>
                  <relationship>
                     <name>PROC_CODE</name>
                     <cardinality>(0..many)</cardinality>
                     <joinList>
                        <join>
                           <isPkTable>true</isPkTable>
                           <pkTable>proc_code</pkTable>
                           <pkColumn>PROC_CODE</pkColumn>
                           <fkTable>claim_lines</fkTable>
                           <fkColumn>PROC_CODE</fkColumn>
                        </join>
                     </joinList>
                  </relationship>
               </relationshipList>
            </tableMetadata>
            <tableMetadata>
               <name>provider</name>
               <recordCount>15</recordCount>
               <columnList>
                  <column>
                     <name>PROV_ID</name>
                     <ordinal>1</ordinal>
                     <type>INTEGER</type>
                     <typeLength>10</typeLength>
                     <index>true</index>
                  </column>
                  <column>
                     <name>PROV_NAME</name>
                     <ordinal>2</ordinal>
                     <type>VARCHAR</type>
                     <typeLength>255</typeLength>
                     <index>false</index>
                  </column>
                  <column>
                     <name>IS_PHYSICIAN</name>
                     <ordinal>3</ordinal>
                     <type>BOOLEAN</type>
                     <typeLength>1</typeLength>
                     <index>false</index>
                  </column>
                  <column>
                     <name>IS_FACILITY</name>
                     <ordinal>4</ordinal>
                     <type>BOOLEAN</type>
                     <typeLength>1</typeLength>
                     <index>false</index>
                  </column>
                  <column>
                     <name>TIN_SSN</name>
                     <ordinal>5</ordinal>
                     <type>INTEGER</type>
                     <typeLength>10</typeLength>
                     <index>false</index>
                  </column>
                  <column>
                     <name>ADDR_ID</name>
                     <ordinal>6</ordinal>
                     <type>INTEGER</type>
                     <typeLength>10</typeLength>
                     <index>true</index>
                  </column>
                  <column>
                     <name>PRIMARY_ADDR_TYPE</name>
                     <ordinal>7</ordinal>
                     <type>VARCHAR</type>
                     <typeLength>1</typeLength>
                     <index>true</index>
                  </column>
                  <column>
                     <name>SECONDARY_ADDR_TYPE</name>
                     <ordinal>8</ordinal>
                     <type>VARCHAR</type>
                     <typeLength>1</typeLength>
                     <index>true</index>
                  </column>
               </columnList>
               <relationshipList>
                  <relationship>
                     <name>ADDR_3</name>
                     <cardinality>(0..many)</cardinality>
                     <joinList>
                        <join>
                           <isPkTable>false</isPkTable>
                           <pkTable>address</pkTable>
                           <pkColumn>ADDR_ID</pkColumn>
                           <fkTable>provider</fkTable>
                           <fkColumn>ADDR_ID</fkColumn>
                        </join>
                        <join>
                           <isPkTable>false</isPkTable>
                           <pkTable>address</pkTable>
                           <pkColumn>ADDR_TYPE</pkColumn>
                           <fkTable>provider</fkTable>
                           <fkColumn>PRIMARY_ADDR_TYPE</fkColumn>
                        </join>
                     </joinList>
                  </relationship>
                  <relationship>
                     <name>ADDR_4</name>
                     <cardinality>(0..many)</cardinality>
                     <joinList>
                        <join>
                           <isPkTable>false</isPkTable>
                           <pkTable>address</pkTable>
                           <pkColumn>ADDR_ID</pkColumn>
                           <fkTable>provider</fkTable>
                           <fkColumn>ADDR_ID</fkColumn>
                        </join>
                        <join>
                           <isPkTable>false</isPkTable>
                           <pkTable>address</pkTable>
                           <pkColumn>ADDR_TYPE</pkColumn>
                           <fkTable>provider</fkTable>
                           <fkColumn>SECONDARY_ADDR_TYPE</fkColumn>
                        </join>
                     </joinList>
                  </relationship>
                  <relationship>
                     <name>PROV</name>
                     <cardinality>(0..many)</cardinality>
                     <joinList>
                        <join>
                           <isPkTable>true</isPkTable>
                           <pkTable>provider</pkTable>
                           <pkColumn>PROV_ID</pkColumn>
                           <fkTable>claim</fkTable>
                           <fkColumn>PROV_ID</fkColumn>
                        </join>
                     </joinList>
                  </relationship>
               </relationshipList>
            </tableMetadata>
            <tableMetadata>
               <name>subscriber</name>
               <recordCount>24</recordCount>
               <columnList>
                  <column>
                     <name>SUB_ID</name>
                     <ordinal>1</ordinal>
                     <type>INTEGER</type>
                     <typeLength>10</typeLength>
                     <index>true</index>
                  </column>
                  <column>
                     <name>SUB_FIRST_NAME</name>
                     <ordinal>2</ordinal>
                     <type>VARCHAR</type>
                     <typeLength>255</typeLength>
                     <index>false</index>
                  </column>
                  <column>
                     <name>SUB_LAST_NAME</name>
                     <ordinal>3</ordinal>
                     <type>VARCHAR</type>
                     <typeLength>255</typeLength>
                     <index>false</index>
                  </column>
                  <column>
                     <name>SUB_IS_ACTIVE</name>
                     <ordinal>4</ordinal>
                     <type>BOOLEAN</type>
                     <typeLength>1</typeLength>
                     <index>false</index>
                  </column>
                  <column>
                     <name>FAMILY_LINK_ID</name>
                     <ordinal>5</ordinal>
                     <type>INTEGER</type>
                     <typeLength>10</typeLength>
                     <index>false</index>
                  </column>
                  <column>
                     <name>SSN</name>
                     <ordinal>6</ordinal>
                     <type>INTEGER</type>
                     <typeLength>10</typeLength>
                     <index>false</index>
                  </column>
                  <column>
                     <name>ACTIVE_FROM_DATE</name>
                     <ordinal>7</ordinal>
                     <type>DATETIME</type>
                     <typeLength>26</typeLength>
                     <index>false</index>
                  </column>
                  <column>
                     <name>ACTIVE_TO_DATE</name>
                     <ordinal>12</ordinal>
                     <type>DATETIME</type>
                     <typeLength>26</typeLength>
                     <index>false</index>
                  </column>
               </columnList>
               <relationshipList>
                  <relationship>
                     <name>member_ibfk_1</name>
                     <cardinality>(0..many)</cardinality>
                     <joinList>
                        <join>
                           <isPkTable>true</isPkTable>
                           <pkTable>subscriber</pkTable>
                           <pkColumn>SUB_ID</pkColumn>
                           <fkTable>member</fkTable>
                           <fkColumn>SUB_ID</fkColumn>
                        </join>
                     </joinList>
                  </relationship>
                  <relationship>
                     <name>SUB</name>
                     <cardinality>(0..many)</cardinality>
                     <joinList>
                        <join>
                           <isPkTable>true</isPkTable>
                           <pkTable>subscriber</pkTable>
                           <pkColumn>SUB_ID</pkColumn>
                           <fkTable>claim</fkTable>
                           <fkColumn>SUB_ID</fkColumn>
                        </join>
                     </joinList>
                  </relationship>
               </relationshipList>
            </tableMetadata>
         </tableMetadataList>
      </schemaMetadata>
   </schemaMetadataList>
</metadata>