<?xml version="1.0" encoding="UTF-8"?>
<metadata DBS="SQL" HOST="13.233.195.225" PORT="1433" DATABASE="CLAIMS_SYS" SCHEMA="dbo" FULLORSELECTED="FULL" SELECTED="">
		<caseSensitive>false</caseSensitive>
		<defaultSchema>dbo</defaultSchema>
		<validatingOnIngest>false</validatingOnIngest>
		<locale>en-US</locale>
		<schemaMetadataList>
		<schemaMetadata>
		<name>dbo</name>
		<tableCount>12</tableCount>
		<tableMetadataList>
<tableMetadata>
		<name>ADDRESS</name>
		<recordCount>78</recordCount>
		<columnList>
		<column>
		<name>ADDR_ID</name>
		<ordinal>1</ordinal>
		<type>INTEGER</type>
		<typeLength>10</typeLength>
		<index>true</index></column>
		<column>
		<name>IS_PROV</name>
		<ordinal>2</ordinal>
		<type>BIT</type>
		<typeLength>1</typeLength>
		<index>false</index></column>
		<column>
		<name>ADDR_TYPE</name>
		<ordinal>3</ordinal>
		<type>CHAR</type>
		<typeLength>1</typeLength>
		<index>true</index></column>
		<column>
		<name>ADDRESS</name>
		<ordinal>4</ordinal>
		<type>VARCHAR</type>
		<typeLength>255</typeLength>
		<index>false</index></column>
		<column>
		<name>CITY</name>
		<ordinal>5</ordinal>
		<type>VARCHAR</type>
		<typeLength>40</typeLength>
		<index>false</index></column>
		<column>
		<name>STATE</name>
		<ordinal>6</ordinal>
		<type>CHAR</type>
		<typeLength>2</typeLength>
		<index>false</index></column>
		<column>
		<name>ZIP</name>
		<ordinal>7</ordinal>
		<type>INTEGER</type>
		<typeLength>10</typeLength>
		<index>false</index></column>
		<column>
		<name>PHONE</name>
		<ordinal>8</ordinal>
		<type>VARCHAR</type>
		<typeLength>14</typeLength>
		<index>false</index></column>
		<column>
		<name>FAX</name>
		<ordinal>9</ordinal>
		<type>VARCHAR</type>
		<typeLength>14</typeLength>
		<index>false</index></column>
		<column>
		<name>EMAIL</name>
		<ordinal>10</ordinal>
		<type>VARCHAR</type>
		<typeLength>255</typeLength>
		<index>false</index></column></columnList>
		<relationshipList>
		<relationship TYPE="SYS">
		<name>FK_MEMBER_ADDRESS</name>
		<cardinality >(0..many)</cardinality >
		<joinList>
		<join>
		<isPkTable>true</isPkTable>
		<pkTable>ADDRESS</pkTable>
		<pkColumn>ADDR_ID</pkColumn>
		<fkTable>MEMBER</fkTable>
		<fkColumn>ADDR_ID</fkColumn></join>
		<join>
		<isPkTable>true</isPkTable>
		<pkTable>ADDRESS</pkTable>
		<pkColumn>ADDR_TYPE</pkColumn>
		<fkTable>MEMBER</fkTable>
		<fkColumn>SECONDARY_ADDR_TYPE</fkColumn></join></joinList></relationship>
		<relationship TYPE="SYS">
		<name>FK_PROVIDER_ADDRESS</name>
		<cardinality >(0..many)</cardinality >
		<joinList>
		<join>
		<isPkTable>true</isPkTable>
		<pkTable>ADDRESS</pkTable>
		<pkColumn>ADDR_ID</pkColumn>
		<fkTable>PROVIDER</fkTable>
		<fkColumn>ADDR_ID</fkColumn></join>
		<join>
		<isPkTable>true</isPkTable>
		<pkTable>ADDRESS</pkTable>
		<pkColumn>ADDR_TYPE</pkColumn>
		<fkTable>PROVIDER</fkTable>
		<fkColumn>PRIMARY_ADDR_TYPE</fkColumn></join></joinList></relationship>
		<relationship TYPE="SYS">
		<name>FK_PROVIDER_ADDRESS1</name>
		<cardinality >(0..many)</cardinality >
		<joinList>
		<join>
		<isPkTable>true</isPkTable>
		<pkTable>ADDRESS</pkTable>
		<pkColumn>ADDR_ID</pkColumn>
		<fkTable>PROVIDER</fkTable>
		<fkColumn>ADDR_ID</fkColumn></join>
		<join>
		<isPkTable>true</isPkTable>
		<pkTable>ADDRESS</pkTable>
		<pkColumn>ADDR_TYPE</pkColumn>
		<fkTable>PROVIDER</fkTable>
		<fkColumn>SECONDARY_ADDR_TYPE</fkColumn></join></joinList></relationship>
		<relationship TYPE="SYS">
		<name>FK__MEMBER__ADDRESS1</name>
		<cardinality >(0..many)</cardinality >
		<joinList>
		<join>
		<isPkTable>true</isPkTable>
		<pkTable>ADDRESS</pkTable>
		<pkColumn>ADDR_ID</pkColumn>
		<fkTable>MEMBER</fkTable>
		<fkColumn>ADDR_ID</fkColumn></join>
		<join>
		<isPkTable>true</isPkTable>
		<pkTable>ADDRESS</pkTable>
		<pkColumn>ADDR_TYPE</pkColumn>
		<fkTable>MEMBER</fkTable>
		<fkColumn>PRIMARY_ADDR_TYPE</fkColumn></join></joinList></relationship></relationshipList></tableMetadata>
<tableMetadata>
		<name>ATTACHEMNTS_NEW</name>
		<recordCount>2112</recordCount>
		<columnList>
		<column>
		<name>TRADE_ID</name>
		<ordinal>1</ordinal>
		<type>BIGINT</type>
		<typeLength>19</typeLength>
		<index>false</index></column>
		<column>
		<name>ATTACHEMNT_ID</name>
		<ordinal>2</ordinal>
		<type>BIGINT</type>
		<typeLength>19</typeLength>
		<index>false</index></column>
		<column>
		<name>ATTACHMENT_NAME</name>
		<ordinal>3</ordinal>
		<type>VARCHAR</type>
		<typeLength>200</typeLength>
		<index>false</index></column>
		<column>
		<name>FILE_NAME</name>
		<ordinal>4</ordinal>
		<type>VARCHAR</type>
		<typeLength>200</typeLength>
		<index>false</index></column>
		<column>
		<name>MIME_TYPE</name>
		<ordinal>5</ordinal>
		<type>VARCHAR</type>
		<typeLength>200</typeLength>
		<index>false</index></column>
		<column>
		<name>CREATED_BY</name>
		<ordinal>6</ordinal>
		<type>VARCHAR</type>
		<typeLength>200</typeLength>
		<index>false</index></column>
		<column>
		<name>CREATED_ON_DATE</name>
		<ordinal>7</ordinal>
		<type>VARCHAR</type>
		<typeLength>200</typeLength>
		<index>false</index></column>
		<column>
		<name>FILE_LOCATION</name>
		<ordinal>8</ordinal>
		<type>VARCHAR</type>
		<typeLength>200</typeLength>
		<index>false</index></column></columnList></tableMetadata>
<tableMetadata>
		<name>CLAIM</name>
		<recordCount>35</recordCount>
		<columnList>
		<column>
		<name>CLAIM_ID</name>
		<ordinal>1</ordinal>
		<type>INTEGER</type>
		<typeLength>10</typeLength>
		<index>true</index></column>
		<column>
		<name>CLAIM_STATUS</name>
		<ordinal>2</ordinal>
		<type>VARCHAR</type>
		<typeLength>30</typeLength>
		<index>false</index></column>
		<column>
		<name>SUB_ID</name>
		<ordinal>3</ordinal>
		<type>INTEGER</type>
		<typeLength>10</typeLength>
		<index>false</index></column>
		<column>
		<name>MEM_ID</name>
		<ordinal>4</ordinal>
		<type>INTEGER</type>
		<typeLength>10</typeLength>
		<index>false</index></column>
		<column>
		<name>MEM_REL</name>
		<ordinal>5</ordinal>
		<type>CHAR</type>
		<typeLength>1</typeLength>
		<index>false</index></column>
		<column>
		<name>ADM_FROM_DATE</name>
		<ordinal>6</ordinal>
		<type>TIMESTAMP</type>
		<typeLength>23</typeLength>
		<index>false</index></column>
		<column>
		<name>ADM_TO_DATE</name>
		<ordinal>7</ordinal>
		<type>TIMESTAMP</type>
		<typeLength>23</typeLength>
		<index>false</index></column>
		<column>
		<name>DAYS</name>
		<ordinal>8</ordinal>
		<type>INTEGER</type>
		<typeLength>10</typeLength>
		<index>false</index></column>
		<column>
		<name>PROV_ID</name>
		<ordinal>9</ordinal>
		<type>INTEGER</type>
		<typeLength>10</typeLength>
		<index>false</index></column>
		<column>
		<name>IS_LATE_FILED</name>
		<ordinal>10</ordinal>
		<type>BIT</type>
		<typeLength>1</typeLength>
		<index>false</index></column></columnList>
		<relationshipList>
		<relationship TYPE="SYS">
		<name>FK_CLAIM_LINES_CLAIM</name>
		<cardinality >(0..many)</cardinality >
		<joinList>
		<join>
		<isPkTable>true</isPkTable>
		<pkTable>CLAIM</pkTable>
		<pkColumn>CLAIM_ID</pkColumn>
		<fkTable>CLAIM_LINES</fkTable>
		<fkColumn>CLAIM_ID</fkColumn></join></joinList></relationship>
		<relationship TYPE="SYS">
		<name>FK_CLAIM_MEMBER</name>
		<cardinality >(0..many)</cardinality >
		<joinList>
		<join>
		<isPkTable>false</isPkTable>
		<pkTable>MEMBER</pkTable>
		<pkColumn>MEM_ID</pkColumn>
		<fkTable>CLAIM</fkTable>
		<fkColumn>MEM_ID</fkColumn></join></joinList></relationship>
		<relationship TYPE="SYS">
		<name>FK_CLAIM_PROVIDER</name>
		<cardinality >(0..many)</cardinality >
		<joinList>
		<join>
		<isPkTable>false</isPkTable>
		<pkTable>PROVIDER</pkTable>
		<pkColumn>PROV_ID</pkColumn>
		<fkTable>CLAIM</fkTable>
		<fkColumn>PROV_ID</fkColumn></join></joinList></relationship>
		<relationship TYPE="SYS">
		<name>FK_CLAIM_SUBSCRIBER</name>
		<cardinality >(0..many)</cardinality >
		<joinList>
		<join>
		<isPkTable>false</isPkTable>
		<pkTable>SUBSCRIBER</pkTable>
		<pkColumn>SUB_ID</pkColumn>
		<fkTable>CLAIM</fkTable>
		<fkColumn>SUB_ID</fkColumn></join></joinList></relationship></relationshipList></tableMetadata>
<tableMetadata>
		<name>CLAIM_LINES</name>
		<recordCount>53</recordCount>
		<columnList>
		<column>
		<name>CLAIM_ID</name>
		<ordinal>1</ordinal>
		<type>INTEGER</type>
		<typeLength>10</typeLength>
		<index>true</index></column>
		<column>
		<name>CLAIM_GEN</name>
		<ordinal>2</ordinal>
		<type>INTEGER</type>
		<typeLength>10</typeLength>
		<index>true</index></column>
		<column>
		<name>CLAIM_ADJ_DATE</name>
		<ordinal>3</ordinal>
		<type>TIMESTAMP</type>
		<typeLength>23</typeLength>
		<index>false</index></column>
		<column>
		<name>DX_CODE</name>
		<ordinal>4</ordinal>
		<type>INTEGER</type>
		<typeLength>10</typeLength>
		<index>false</index></column>
		<column>
		<name>PROC_CODE</name>
		<ordinal>5</ordinal>
		<type>INTEGER</type>
		<typeLength>10</typeLength>
		<index>false</index></column>
		<column>
		<name>CHARGES</name>
		<ordinal>6</ordinal>
		<type>DECIMAL</type>
		<typeLength>10</typeLength>
		<index>false</index></column></columnList>
		<relationshipList>
		<relationship TYPE="SYS">
		<name>FK_CLAIM_LINES_CLAIM</name>
		<cardinality >(0..many)</cardinality >
		<joinList>
		<join>
		<isPkTable>false</isPkTable>
		<pkTable>CLAIM</pkTable>
		<pkColumn>CLAIM_ID</pkColumn>
		<fkTable>CLAIM_LINES</fkTable>
		<fkColumn>CLAIM_ID</fkColumn></join></joinList></relationship>
		<relationship TYPE="SYS">
		<name>FK_CLAIM_LINES_DX_CODE</name>
		<cardinality >(0..many)</cardinality >
		<joinList>
		<join>
		<isPkTable>false</isPkTable>
		<pkTable>DX_CODE</pkTable>
		<pkColumn>DX_CODE</pkColumn>
		<fkTable>CLAIM_LINES</fkTable>
		<fkColumn>DX_CODE</fkColumn></join></joinList></relationship>
		<relationship TYPE="SYS">
		<name>FK_CLAIM_LINES_PROC_CODE</name>
		<cardinality >(0..many)</cardinality >
		<joinList>
		<join>
		<isPkTable>false</isPkTable>
		<pkTable>PROC_CODE</pkTable>
		<pkColumn>PROC_CODE</pkColumn>
		<fkTable>CLAIM_LINES</fkTable>
		<fkColumn>PROC_CODE</fkColumn></join></joinList></relationship></relationshipList></tableMetadata>
<tableMetadata>
		<name>DX_CODE</name>
		<recordCount>100</recordCount>
		<columnList>
		<column>
		<name>DX_CODE</name>
		<ordinal>1</ordinal>
		<type>INTEGER</type>
		<typeLength>10</typeLength>
		<index>true</index></column>
		<column>
		<name>DX_DESC</name>
		<ordinal>2</ordinal>
		<type>VARCHAR</type>
		<typeLength>1000</typeLength>
		<index>false</index></column></columnList>
		<relationshipList>
		<relationship TYPE="SYS">
		<name>FK_CLAIM_LINES_DX_CODE</name>
		<cardinality >(0..many)</cardinality >
		<joinList>
		<join>
		<isPkTable>true</isPkTable>
		<pkTable>DX_CODE</pkTable>
		<pkColumn>DX_CODE</pkColumn>
		<fkTable>CLAIM_LINES</fkTable>
		<fkColumn>DX_CODE</fkColumn></join></joinList></relationship></relationshipList></tableMetadata>
<tableMetadata>
		<name>LOB</name>
		<recordCount>9</recordCount>
		<columnList>
		<column>
		<name>ID</name>
		<ordinal>1</ordinal>
		<type>INTEGER</type>
		<typeLength>10</typeLength>
		<index>false</index></column>
		<column>
		<name>DOC_Name</name>
		<ordinal>2</ordinal>
		<type>VARCHAR</type>
		<typeLength>128</typeLength>
		<index>false</index></column>
		<column>
		<name>DESCR</name>
		<ordinal>3</ordinal>
		<type>VARCHAR</type>
		<typeLength>2147483647</typeLength>
		<index>false</index></column>
		<column>
		<name>Picture_1</name>
		<ordinal>4</ordinal>
		<type>BLOB</type>
		<typeLength>2147483647</typeLength>
		<index>false</index></column>
		<column>
		<name>Picture_2</name>
		<ordinal>5</ordinal>
		<type>VARBINARY</type>
		<typeLength>2147483647</typeLength>
		<index>false</index></column></columnList></tableMetadata>
<tableMetadata>
		<name>MEMBER</name>
		<recordCount>56</recordCount>
		<columnList>
		<column>
		<name>MEM_ID</name>
		<ordinal>1</ordinal>
		<type>INTEGER</type>
		<typeLength>10</typeLength>
		<index>true</index></column>
		<column>
		<name>SUB_ID</name>
		<ordinal>2</ordinal>
		<type>INTEGER</type>
		<typeLength>10</typeLength>
		<index>false</index></column>
		<column>
		<name>MEM_FIRST_NAME</name>
		<ordinal>3</ordinal>
		<type>VARCHAR</type>
		<typeLength>255</typeLength>
		<index>false</index></column>
		<column>
		<name>MEM_LAST_NAME</name>
		<ordinal>4</ordinal>
		<type>VARCHAR</type>
		<typeLength>255</typeLength>
		<index>false</index></column>
		<column>
		<name>MEM_REL</name>
		<ordinal>5</ordinal>
		<type>CHAR</type>
		<typeLength>1</typeLength>
		<index>false</index></column>
		<column>
		<name>MEM_SEX</name>
		<ordinal>6</ordinal>
		<type>CHAR</type>
		<typeLength>1</typeLength>
		<index>false</index></column>
		<column>
		<name>MEM_DOB</name>
		<ordinal>7</ordinal>
		<type>TIMESTAMP</type>
		<typeLength>23</typeLength>
		<index>false</index></column>
		<column>
		<name>FAMILY_LINK_ID</name>
		<ordinal>8</ordinal>
		<type>INTEGER</type>
		<typeLength>10</typeLength>
		<index>false</index></column>
		<column>
		<name>ADDR_ID</name>
		<ordinal>9</ordinal>
		<type>INTEGER</type>
		<typeLength>10</typeLength>
		<index>false</index></column>
		<column>
		<name>IS_SUB</name>
		<ordinal>10</ordinal>
		<type>BIT</type>
		<typeLength>1</typeLength>
		<index>false</index></column>
		<column>
		<name>PRIMARY_ADDR_TYPE</name>
		<ordinal>11</ordinal>
		<type>CHAR</type>
		<typeLength>1</typeLength>
		<index>false</index></column>
		<column>
		<name>SECONDARY_ADDR_TYPE</name>
		<ordinal>12</ordinal>
		<type>CHAR</type>
		<typeLength>1</typeLength>
		<index>false</index></column></columnList>
		<relationshipList>
		<relationship TYPE="SYS">
		<name>FK_CLAIM_MEMBER</name>
		<cardinality >(0..many)</cardinality >
		<joinList>
		<join>
		<isPkTable>true</isPkTable>
		<pkTable>MEMBER</pkTable>
		<pkColumn>MEM_ID</pkColumn>
		<fkTable>CLAIM</fkTable>
		<fkColumn>MEM_ID</fkColumn></join></joinList></relationship>
		<relationship TYPE="SYS">
		<name>FK_MEMBER_ADDRESS</name>
		<cardinality >(0..many)</cardinality >
		<joinList>
		<join>
		<isPkTable>false</isPkTable>
		<pkTable>ADDRESS</pkTable>
		<pkColumn>ADDR_ID</pkColumn>
		<fkTable>MEMBER</fkTable>
		<fkColumn>ADDR_ID</fkColumn></join>
		<join>
		<isPkTable>false</isPkTable>
		<pkTable>ADDRESS</pkTable>
		<pkColumn>ADDR_TYPE</pkColumn>
		<fkTable>MEMBER</fkTable>
		<fkColumn>SECONDARY_ADDR_TYPE</fkColumn></join></joinList></relationship>
		<relationship TYPE="SYS">
		<name>FK_MEMBER_SUBSCRIBER</name>
		<cardinality >(0..many)</cardinality >
		<joinList>
		<join>
		<isPkTable>false</isPkTable>
		<pkTable>SUBSCRIBER</pkTable>
		<pkColumn>SUB_ID</pkColumn>
		<fkTable>MEMBER</fkTable>
		<fkColumn>SUB_ID</fkColumn></join></joinList></relationship>
		<relationship TYPE="SYS">
		<name>FK__MEMBER__ADDRESS1</name>
		<cardinality >(0..many)</cardinality >
		<joinList>
		<join>
		<isPkTable>false</isPkTable>
		<pkTable>ADDRESS</pkTable>
		<pkColumn>ADDR_ID</pkColumn>
		<fkTable>MEMBER</fkTable>
		<fkColumn>ADDR_ID</fkColumn></join>
		<join>
		<isPkTable>false</isPkTable>
		<pkTable>ADDRESS</pkTable>
		<pkColumn>ADDR_TYPE</pkColumn>
		<fkTable>MEMBER</fkTable>
		<fkColumn>PRIMARY_ADDR_TYPE</fkColumn></join></joinList></relationship></relationshipList></tableMetadata>
<tableMetadata>
		<name>PROC_CODE</name>
		<recordCount>100</recordCount>
		<columnList>
		<column>
		<name>PROC_CODE</name>
		<ordinal>1</ordinal>
		<type>INTEGER</type>
		<typeLength>10</typeLength>
		<index>true</index></column>
		<column>
		<name>PROC_DESC</name>
		<ordinal>2</ordinal>
		<type>VARCHAR</type>
		<typeLength>1000</typeLength>
		<index>false</index></column></columnList>
		<relationshipList>
		<relationship TYPE="SYS">
		<name>FK_CLAIM_LINES_PROC_CODE</name>
		<cardinality >(0..many)</cardinality >
		<joinList>
		<join>
		<isPkTable>true</isPkTable>
		<pkTable>PROC_CODE</pkTable>
		<pkColumn>PROC_CODE</pkColumn>
		<fkTable>CLAIM_LINES</fkTable>
		<fkColumn>PROC_CODE</fkColumn></join></joinList></relationship></relationshipList></tableMetadata>
<tableMetadata>
		<name>PROVIDER</name>
		<recordCount>15</recordCount>
		<columnList>
		<column>
		<name>PROV_ID</name>
		<ordinal>1</ordinal>
		<type>INTEGER</type>
		<typeLength>10</typeLength>
		<index>true</index></column>
		<column>
		<name>PROV_NAME</name>
		<ordinal>2</ordinal>
		<type>VARCHAR</type>
		<typeLength>255</typeLength>
		<index>false</index></column>
		<column>
		<name>IS_PHYSICIAN</name>
		<ordinal>3</ordinal>
		<type>BIT</type>
		<typeLength>1</typeLength>
		<index>false</index></column>
		<column>
		<name>IS_FACILITY</name>
		<ordinal>4</ordinal>
		<type>BIT</type>
		<typeLength>1</typeLength>
		<index>false</index></column>
		<column>
		<name>TIN_SSN</name>
		<ordinal>5</ordinal>
		<type>INTEGER</type>
		<typeLength>10</typeLength>
		<index>false</index></column>
		<column>
		<name>ADDR_ID</name>
		<ordinal>6</ordinal>
		<type>INTEGER</type>
		<typeLength>10</typeLength>
		<index>false</index></column>
		<column>
		<name>PRIMARY_ADDR_TYPE</name>
		<ordinal>7</ordinal>
		<type>CHAR</type>
		<typeLength>1</typeLength>
		<index>false</index></column>
		<column>
		<name>SECONDARY_ADDR_TYPE</name>
		<ordinal>8</ordinal>
		<type>CHAR</type>
		<typeLength>1</typeLength>
		<index>false</index></column></columnList>
		<relationshipList>
		<relationship TYPE="SYS">
		<name>FK_CLAIM_PROVIDER</name>
		<cardinality >(0..many)</cardinality >
		<joinList>
		<join>
		<isPkTable>true</isPkTable>
		<pkTable>PROVIDER</pkTable>
		<pkColumn>PROV_ID</pkColumn>
		<fkTable>CLAIM</fkTable>
		<fkColumn>PROV_ID</fkColumn></join></joinList></relationship>
		<relationship TYPE="SYS">
		<name>FK_PROVIDER_ADDRESS</name>
		<cardinality >(0..many)</cardinality >
		<joinList>
		<join>
		<isPkTable>false</isPkTable>
		<pkTable>ADDRESS</pkTable>
		<pkColumn>ADDR_ID</pkColumn>
		<fkTable>PROVIDER</fkTable>
		<fkColumn>ADDR_ID</fkColumn></join>
		<join>
		<isPkTable>false</isPkTable>
		<pkTable>ADDRESS</pkTable>
		<pkColumn>ADDR_TYPE</pkColumn>
		<fkTable>PROVIDER</fkTable>
		<fkColumn>PRIMARY_ADDR_TYPE</fkColumn></join></joinList></relationship>
		<relationship TYPE="SYS">
		<name>FK_PROVIDER_ADDRESS1</name>
		<cardinality >(0..many)</cardinality >
		<joinList>
		<join>
		<isPkTable>false</isPkTable>
		<pkTable>ADDRESS</pkTable>
		<pkColumn>ADDR_ID</pkColumn>
		<fkTable>PROVIDER</fkTable>
		<fkColumn>ADDR_ID</fkColumn></join>
		<join>
		<isPkTable>false</isPkTable>
		<pkTable>ADDRESS</pkTable>
		<pkColumn>ADDR_TYPE</pkColumn>
		<fkTable>PROVIDER</fkTable>
		<fkColumn>SECONDARY_ADDR_TYPE</fkColumn></join></joinList></relationship></relationshipList></tableMetadata>
<tableMetadata>
		<name>SUBSCRIBER</name>
		<recordCount>24</recordCount>
		<columnList>
		<column>
		<name>SUB_ID</name>
		<ordinal>1</ordinal>
		<type>INTEGER</type>
		<typeLength>10</typeLength>
		<index>true</index></column>
		<column>
		<name>SUB_FIRST_NAME</name>
		<ordinal>2</ordinal>
		<type>VARCHAR</type>
		<typeLength>255</typeLength>
		<index>false</index></column>
		<column>
		<name>SUB_LAST_NAME</name>
		<ordinal>3</ordinal>
		<type>VARCHAR</type>
		<typeLength>255</typeLength>
		<index>false</index></column>
		<column>
		<name>SUB_IS_ACTIVE</name>
		<ordinal>4</ordinal>
		<type>BIT</type>
		<typeLength>1</typeLength>
		<index>false</index></column>
		<column>
		<name>FAMILY_LINK_ID</name>
		<ordinal>5</ordinal>
		<type>INTEGER</type>
		<typeLength>10</typeLength>
		<index>false</index></column>
		<column>
		<name>SSN</name>
		<ordinal>6</ordinal>
		<type>INTEGER</type>
		<typeLength>10</typeLength>
		<index>false</index></column>
		<column>
		<name>ACTIVE_FROM_DATE</name>
		<ordinal>7</ordinal>
		<type>TIMESTAMP</type>
		<typeLength>23</typeLength>
		<index>false</index></column>
		<column>
		<name>ACTIVE_TO_DATE</name>
		<ordinal>8</ordinal>
		<type>TIMESTAMP</type>
		<typeLength>23</typeLength>
		<index>false</index></column></columnList>
		<relationshipList>
		<relationship TYPE="SYS">
		<name>FK_CLAIM_SUBSCRIBER</name>
		<cardinality >(0..many)</cardinality >
		<joinList>
		<join>
		<isPkTable>true</isPkTable>
		<pkTable>SUBSCRIBER</pkTable>
		<pkColumn>SUB_ID</pkColumn>
		<fkTable>CLAIM</fkTable>
		<fkColumn>SUB_ID</fkColumn></join></joinList></relationship>
		<relationship TYPE="SYS">
		<name>FK_MEMBER_SUBSCRIBER</name>
		<cardinality >(0..many)</cardinality >
		<joinList>
		<join>
		<isPkTable>true</isPkTable>
		<pkTable>SUBSCRIBER</pkTable>
		<pkColumn>SUB_ID</pkColumn>
		<fkTable>MEMBER</fkTable>
		<fkColumn>SUB_ID</fkColumn></join></joinList></relationship></relationshipList></tableMetadata>
<tableMetadata>
		<name>SampleDB</name>
		<recordCount>4</recordCount>
		<columnList>
		<column>
		<name>EMPNO</name>
		<ordinal>1</ordinal>
		<type>INTEGER</type>
		<typeLength>10</typeLength>
		<index>false</index></column>
		<column>
		<name>ENAME</name>
		<ordinal>2</ordinal>
		<type>VARCHAR</type>
		<typeLength>75</typeLength>
		<index>false</index></column>
		<column>
		<name>DESG</name>
		<ordinal>3</ordinal>
		<type>CHAR</type>
		<typeLength>5</typeLength>
		<index>false</index></column>
		<column>
		<name>DOJ</name>
		<ordinal>4</ordinal>
		<type>VARCHAR</type>
		<typeLength>34</typeLength>
		<index>false</index></column>
		<column>
		<name>ADDRESS</name>
		<ordinal>5</ordinal>
		<type>CLOB</type>
		<typeLength>2147483647</typeLength>
		<index>false</index></column>
		<column>
		<name>SSN</name>
		<ordinal>6</ordinal>
		<type>BIGINT</type>
		<typeLength>19</typeLength>
		<index>false</index></column>
		<column>
		<name>BASICPAY</name>
		<ordinal>7</ordinal>
		<type>REAL</type>
		<typeLength>24</typeLength>
		<index>false</index></column>
		<column>
		<name>GROSSSAL</name>
		<ordinal>8</ordinal>
		<type>DOUBLE</type>
		<typeLength>53</typeLength>
		<index>false</index></column>
		<column>
		<name>PROJECTID</name>
		<ordinal>9</ordinal>
		<type>SMALLINT</type>
		<typeLength>5</typeLength>
		<index>false</index></column>
		<column>
		<name>DEPTNO</name>
		<ordinal>10</ordinal>
		<type>TINYINT</type>
		<typeLength>3</typeLength>
		<index>false</index></column>
		<column>
		<name>IS_EXPERIENCED</name>
		<ordinal>11</ordinal>
		<type>BIT</type>
		<typeLength>1</typeLength>
		<index>false</index></column>
		<column>
		<name>SAL_CURRENCY</name>
		<ordinal>12</ordinal>
		<type>DECIMAL</type>
		<typeLength>19</typeLength>
		<index>false</index></column>
		<column>
		<name>LOGIN_DATE</name>
		<ordinal>13</ordinal>
		<type>VARCHAR</type>
		<typeLength>10</typeLength>
		<index>false</index></column>
		<column>
		<name>LOGIN_TIME</name>
		<ordinal>14</ordinal>
		<type>BINARY</type>
		<typeLength>8</typeLength>
		<index>false</index></column>
		<column>
		<name>LOGOUT_TIME</name>
		<ordinal>15</ordinal>
		<type>VARCHAR</type>
		<typeLength>16</typeLength>
		<index>false</index></column></columnList></tableMetadata>
<tableMetadata>
		<name>UNSTRUCTURED</name>
		<recordCount>50</recordCount>
		<columnList>
		<column>
		<name>ID</name>
		<ordinal>1</ordinal>
		<type>INTEGER</type>
		<typeLength>10</typeLength>
		<index>true</index></column>
		<column>
		<name>FILE_NAME</name>
		<ordinal>2</ordinal>
		<type>VARCHAR</type>
		<typeLength>255</typeLength>
		<index>false</index></column>
		<column>
		<name>DESCRIPTION</name>
		<ordinal>3</ordinal>
		<type>VARCHAR</type>
		<typeLength>2147483647</typeLength>
		<index>false</index></column>
		<column>
		<name>CONTENT</name>
		<ordinal>4</ordinal>
		<type>BLOB</type>
		<typeLength>2147483647</typeLength>
		<index>false</index></column></columnList></tableMetadata></tableMetadataList>
</schemaMetadata></schemaMetadataList></metadata>