<?xml version="1.0" encoding="UTF-8"?>
<metadata>
   <caseSensitive>false</caseSensitive>
   <defaultSchema>DBO</defaultSchema>
   <validatingOnIngest>false</validatingOnIngest>
   <locale>en-US</locale>
   <schemaMetadataList>
      <schemaMetadata>
         <name>DBO</name>
         <tableCount>1</tableCount>
         <tableMetadataList>
            <tableMetadata>
               <name>LOB</name>
               <recordCount>8</recordCount>
               <columnList>
                  <column>
                     <name>ID</name>
                     <ordinal>1</ordinal>
                     <type>INTEGER</type>
                     <typeLength>10</typeLength>
                     <index>false</index>
                  </column>
                  <column>
                     <name>DOC_Name</name>
                     <ordinal>2</ordinal>
                     <type>VARCHAR</type>
                     <typeLength>128</typeLength>
                     <index>false</index>
                  </column>
                  <column>
                     <name>DESCR</name>
                     <ordinal>3</ordinal>
                     <type>VARCHAR</type>
                     <typeLength>2147483647</typeLength>
                     <index>false</index>
                  </column>
                  <column>
                     <name>Picture_1</name>
                     <ordinal>4</ordinal>
                     <type>VARCHAR</type>
                     <typeLength>2147483647</typeLength>
                     <index>false</index>
                  </column>
                  <column>
                     <name>Picture_2</name>
                     <ordinal>5</ordinal>
                     <type>VARCHAR</type>
                     <typeLength>2147483647</typeLength>
                     <index>false</index>
                  </column>
               </columnList>
            </tableMetadata>
            <tableMetadata>
               <name>CLAIM</name>
               <recordCount>34</recordCount>
               <columnList>
                  <column>
                     <name>CLAIM_ID</name>
                     <ordinal>1</ordinal>
                     <type>INTEGER</type>
                     <typeLength>10</typeLength>
                     <index>true</index>
                  </column>
                  <column>
                     <name>CLAIM_STATUS</name>
                     <ordinal>2</ordinal>
                     <type>VARCHAR</type>
                     <typeLength>30</typeLength>
                     <index>false</index>
                  </column>
                  <column>
                     <name>SUB_ID</name>
                     <ordinal>3</ordinal>
                     <type>INTEGER</type>
                     <typeLength>10</typeLength>
                     <index>false</index>
                  </column>
                  <column>
                     <name>MEM_ID</name>
                     <ordinal>4</ordinal>
                     <type>INTEGER</type>
                     <typeLength>10</typeLength>
                     <index>false</index>
                  </column>
                  <column>
                     <name>MEM_REL</name>
                     <ordinal>5</ordinal>
                     <type>CHAR</type>
                     <typeLength>1</typeLength>
                     <index>false</index>
                  </column>
                  <column>
                     <name>ADM_FROM_DATE</name>
                     <ordinal>6</ordinal>
                     <type>TIMESTAMP</type>
                     <typeLength>23</typeLength>
                     <index>false</index>
                  </column>
                  <column>
                     <name>ADM_TO_DATE</name>
                     <ordinal>7</ordinal>
                     <type>TIMESTAMP</type>
                     <typeLength>23</typeLength>
                     <index>false</index>
                  </column>
                  <column>
                     <name>DAYS</name>
                     <ordinal>8</ordinal>
                     <type>INTEGER</type>
                     <typeLength>10</typeLength>
                     <index>false</index>
                  </column>
                  <column>
                     <name>PROV_ID</name>
                     <ordinal>9</ordinal>
                     <type>INTEGER</type>
                     <typeLength>10</typeLength>
                     <index>false</index>
                  </column>
                  <column>
                     <name>IS_LATE_FILED</name>
                     <ordinal>10</ordinal>
                     <type>BIT</type>
                     <typeLength>1</typeLength>
                     <index>false</index>
                  </column>
               </columnList>
            </tableMetadata>
         </tableMetadataList>

      </schemaMetadata>
   </schemaMetadataList>
</metadata>